observation_id,captured_at,starts_at,event_id,game_pk,player_id,stat_id,line,side,model_mean,raw_independent_probability,model_probability,push_probability,market_fair_probability,edge_pct_points,best_odds,exact_line_book_count,paired_books,ev_pct,data_quality,status,won,pushed,outcome
2,2026-09-23 01:24:15.835+00,2026-09-23 01:40:00+00,1jdR9YYTS2E4PjT6AXsm,823089,RANDY_AROZARENA_1_MLB,batting_hits,0.5,over,1.146,0.741,0.6814,0,0.5705,11.08,-155,4,2,12.1,1,PLAY,false,false,L
3,2026-09-23 01:24:15.835+00,2026-09-23 01:40:00+00,1jdR9YYTS2E4PjT6AXsm,823089,RANDY_AROZARENA_1_MLB,batting_totalBases,0.5,over,1.973,0.741,0.6808,0,0.5688,11.19,-155,2,2,12,1,PLAY,false,false,L
4,2026-09-23 01:24:15.835+00,2026-09-23 01:40:00+00,1jdR9YYTS2E4PjT6AXsm,823089,DOMINIC_CANZONE_1_MLB,batting_totalBases,1.5,over,2.036,0.4907,0.4577,0,0.3963,6.13,143,3,1,11.21,1,PLAY,false,false,L
5,2026-09-23 01:24:15.835+00,2026-09-23 01:40:00+00,1jdR9YYTS2E4PjT6AXsm,823089,DOMINIC_CANZONE_1_MLB,batting_hits,0.5,over,1.097,0.721,0.68,0,0.6038,7.61,-170,4,2,8,1,PLAY,true,false,W
6,2026-09-23 01:24:15.835+00,2026-09-23 01:40:00+00,1jdR9YYTS2E4PjT6AXsm,823089,JOSH_NAYLOR_1_MLB,batting_hits,0.5,over,1.092,0.7207,0.6786,0,0.6003,7.82,-170,4,2,7.77,1,PLAY,false,false,L
7,2026-09-23 01:24:15.835+00,2026-09-23 01:40:00+00,1jdR9YYTS2E4PjT6AXsm,823089,YORDAN_ALVAREZ_1_MLB,batting_hits,0.5,over,1.139,0.739,0.6958,0,0.6154,8.03,-190,4,2,6.19,1,PLAY,true,false,W
8,2026-09-23 01:24:15.835+00,2026-09-23 01:40:00+00,1jdR9YYTS2E4PjT6AXsm,823089,JEREMY_PENA_1_MLB,batting_hits,0.5,over,1.143,0.7315,0.6951,0,0.6274,6.77,-190,4,2,6.09,0.912,PLAY,true,false,W
9,2026-09-23 01:24:15.835+00,2026-09-23 01:40:00+00,doJ3OwfigTEzDZ1TE5sP,824953,BRADY_BASSO_1_MLB,pitching_strikeouts,3.5,over,6.239,0.8689,0.7208,0,0.4458,27.5,115,4,4,54.97,0.333,PASS,false,false,L
10,2026-09-23 01:24:15.835+00,2026-09-23 01:40:00+00,1jdR9YYTS2E4PjT6AXsm,823089,RANDY_AROZARENA_1_MLB,batting_totalBases,1.5,over,1.973,0.4816,0.4816,0,,,166,2,0,28.09,1,PASS,false,false,L
11,2026-09-23 01:24:15.835+00,2026-09-23 01:40:00+00,1jdR9YYTS2E4PjT6AXsm,823089,CRISTIAN_JAVIER_1_MLB,pitching_strikeouts,4.5,over,5.568,0.6529,0.5869,0,0.4641,12.27,106,4,4,20.89,0.611,PASS,false,false,L
14,2026-09-23 01:24:15.835+00,2026-09-23 01:40:00+00,1jdR9YYTS2E4PjT6AXsm,823089,TAYLOR_TRAMMELL_1_MLB,batting_totalBases,1.5,over,1.317,0.3234,0.3234,0,,,263,2,0,17.4,0.546,PASS,false,false,L
15,2026-09-23 01:24:15.835+00,2026-09-23 01:40:00+00,doJ3OwfigTEzDZ1TE5sP,824953,ALIKA_WILLIAMS_1_MLB,batting_totalBases,1.5,over,1.587,0.4198,0.4198,0,,,175,2,0,15.46,0.446,PASS,true,false,W
17,2026-09-23 01:24:15.835+00,2026-09-23 01:40:00+00,1jdR9YYTS2E4PjT6AXsm,823089,TAYLOR_TRAMMELL_1_MLB,batting_hits,0.5,over,0.786,0.5843,0.5336,0,0.4393,9.43,115,4,2,14.72,0.546,PASS,false,false,L
20,2026-09-23 01:24:15.835+00,2026-09-23 01:40:00+00,1jdR9YYTS2E4PjT6AXsm,823089,TAYLOR_TRAMMELL_1_MLB,batting_totalBases,0.5,over,1.317,0.5801,0.5293,0,0.435,9.43,115,2,2,13.81,0.546,PASS,false,false,L
23,2026-09-23 01:24:15.835+00,2026-09-23 01:40:00+00,1jdR9YYTS2E4PjT6AXsm,823089,JOSE_ALTUVE_1_MLB,batting_totalBases,1.5,over,1.57,0.3928,0.3928,0,,,185,2,0,11.96,1,PASS,true,false,W
24,2026-09-23 01:24:15.835+00,2026-09-23 01:40:00+00,1jdR9YYTS2E4PjT6AXsm,823089,BRICE_MATTHEWS_1_MLB,batting_totalBases,1.5,over,1.258,0.3008,0.3008,0,,,272,2,0,11.9,0.46,PASS,false,false,L
25,2026-09-23 01:24:15.835+00,2026-09-23 01:40:00+00,1jdR9YYTS2E4PjT6AXsm,823089,BRICE_MATTHEWS_1_MLB,batting_hits,0.5,over,0.78,0.5816,0.5361,0,0.4515,8.45,107,3,1,10.96,0.46,PASS,true,false,W
26,2026-09-23 01:24:15.835+00,2026-09-23 01:40:00+00,1jdR9YYTS2E4PjT6AXsm,823089,YORDAN_ALVAREZ_1_MLB,batting_totalBases,1.5,over,2.17,0.5007,0.4706,0,0.4147,5.59,135,4,3,10.58,1,PASS,true,false,W
27,2026-09-23 01:24:15.835+00,2026-09-23 01:40:00+00,1jdR9YYTS2E4PjT6AXsm,823089,JOSH_NAYLOR_1_MLB,batting_totalBases,1.5,over,1.461,0.3882,0.3882,0,,,184,2,0,10.25,1,PASS,false,false,L
30,2026-09-23 01:24:15.835+00,2026-09-23 01:40:00+00,1jdR9YYTS2E4PjT6AXsm,823089,JP_CRAWFORD_1_MLB,batting_totalBases,1.5,over,1.454,0.3488,0.3488,0,,,207,2,0,7.09,0.934,PASS,false,false,L
31,2026-09-23 01:24:15.835+00,2026-09-23 01:40:00+00,1jdR9YYTS2E4PjT6AXsm,823089,ISAAC_PAREDES_1_MLB,batting_totalBases,1.5,over,1.615,0.3951,0.3951,0,,,170,2,0,6.68,1,PASS,true,false,W
32,2026-09-23 01:24:15.835+00,2026-09-23 01:40:00+00,1jdR9YYTS2E4PjT6AXsm,823089,ISAAC_PAREDES_1_MLB,batting_hits,0.5,over,0.966,0.6693,0.6394,0,0.5838,5.56,-150,4,2,6.56,1,PASS,true,false,W
33,2026-09-23 01:24:15.835+00,2026-09-23 01:40:00+00,doJ3OwfigTEzDZ1TE5sP,824953,JOSE_SIRI_1_MLB,batting_hits,0.5,over,1.006,0.6865,0.6565,0,0.6009,5.56,-161,4,2,6.43,0.47,PASS,true,false,W
35,2026-09-23 01:24:15.835+00,2026-09-23 01:40:00+00,1jdR9YYTS2E4PjT6AXsm,823089,COLE_YOUNG_1_MLB,batting_totalBases,1.5,over,1.512,0.3694,0.3694,0,,,187,2,0,6.03,1,PASS,false,false,L
37,2026-09-23 01:24:15.835+00,2026-09-23 01:40:00+00,1jdR9YYTS2E4PjT6AXsm,823089,JP_CRAWFORD_1_MLB,batting_hits,0.5,over,0.917,0.6473,0.6185,0,0.565,5.35,-141,4,2,5.71,0.934,PASS,false,false,L
40,2026-09-23 01:24:15.835+00,2026-09-23 01:40:00+00,1jdR9YYTS2E4PjT6AXsm,823089,JULIO_RODRIGUEZ_1_MLB,batting_totalBases,1.5,over,1.632,0.4013,0.4013,0,,,163,2,0,5.55,1,PASS,true,false,W
41,2026-09-23 01:24:15.835+00,2026-09-23 01:40:00+00,1jdR9YYTS2E4PjT6AXsm,823089,JEREMY_PENA_1_MLB,batting_totalBases,1.5,over,1.949,0.4655,0.4394,0,0.3908,4.85,140,3,2,5.45,0.912,PASS,false,false,L
43,2026-09-23 01:24:15.835+00,2026-09-23 01:40:00+00,1jdR9YYTS2E4PjT6AXsm,823089,JULIO_RODRIGUEZ_1_MLB,batting_totalBases,0.5,over,1.632,0.6846,0.6482,0,0.5807,6.75,-160,2,2,5.34,1,PASS,true,false,W
45,2026-09-23 01:24:15.835+00,2026-09-23 01:40:00+00,1jdR9YYTS2E4PjT6AXsm,823089,COLE_YOUNG_1_MLB,batting_hits,0.5,over,0.963,0.6685,0.6313,0,0.5623,6.9,-150,4,2,5.22,1,PASS,true,false,W
46,2026-09-23 01:24:15.835+00,2026-09-23 01:40:00+00,1jdR9YYTS2E4PjT6AXsm,823089,COLE_YOUNG_1_MLB,batting_totalBases,0.5,over,1.512,0.6685,0.6311,0,0.5617,6.94,-150,2,2,5.18,1,PASS,true,false,W
47,2026-09-23 01:24:15.835+00,2026-09-23 01:40:00+00,1jdR9YYTS2E4PjT6AXsm,823089,JEREMY_PENA_1_MLB,batting_totalBases,0.5,over,1.949,0.7309,0.689,0,0.6113,7.77,-190,1,1,5.16,0.912,PASS,true,false,W
48,2026-09-23 01:24:15.835+00,2026-09-23 01:40:00+00,1jdR9YYTS2E4PjT6AXsm,823089,JULIO_RODRIGUEZ_1_MLB,batting_hits,0.5,over,1.002,0.6846,0.647,0,0.5771,6.98,-160,4,2,5.13,1,PASS,true,false,W
51,2026-09-23 01:24:15.835+00,2026-09-23 01:40:00+00,1jdR9YYTS2E4PjT6AXsm,823089,DOMINIC_CANZONE_1_MLB,batting_totalBases,0.5,over,2.036,0.721,0.68,0,0.604,7.6,-185,1,1,4.76,1,PASS,true,false,W
56,2026-09-23 01:24:15.835+00,2026-09-23 01:40:00+00,1jdR9YYTS2E4PjT6AXsm,823089,JOSH_NAYLOR_1_MLB,batting_totalBases,0.5,over,1.461,0.7207,0.6826,0,0.6118,7.08,-190,2,2,4.18,1,PASS,false,false,L
62,2026-09-23 01:24:15.835+00,2026-09-23 01:40:00+00,doJ3OwfigTEzDZ1TE5sP,824953,ALIKA_WILLIAMS_1_MLB,batting_hits,0.5,over,0.992,0.6808,0.6488,0,0.5893,5.95,-167,4,2,3.73,0.446,PASS,true,false,W
68,2026-09-23 01:24:15.835+00,2026-09-23 01:40:00+00,1jdR9YYTS2E4PjT6AXsm,823089,ISAAC_PAREDES_1_MLB,batting_totalBases,0.5,over,1.615,0.6693,0.6382,0,0.5805,5.78,-162,2,2,3.22,1,PASS,true,false,W
69,2026-09-23 01:24:15.835+00,2026-09-23 01:40:00+00,1jdR9YYTS2E4PjT6AXsm,823089,JOSE_ALTUVE_1_MLB,batting_hits,0.5,over,0.973,0.6706,0.6399,0,0.583,5.7,-164,4,2,3.01,1,PASS,true,false,W
71,2026-09-23 01:24:15.835+00,2026-09-23 01:40:00+00,1jdR9YYTS2E4PjT6AXsm,823089,JOSE_ALTUVE_1_MLB,batting_totalBases,0.5,over,1.57,0.6706,0.6406,0,0.5849,5.57,-165,2,2,2.88,1,PASS,true,false,W
75,2026-09-23 01:24:15.835+00,2026-09-23 01:40:00+00,1jdR9YYTS2E4PjT6AXsm,823089,YAINER_DIAZ_1_MLB,batting_hits,0.5,over,1.063,0.7059,0.683,0,0.6403,4.27,-200,4,2,2.44,0.666,PASS,true,false,W
76,2026-09-23 01:24:15.835+00,2026-09-23 01:40:00+00,doJ3OwfigTEzDZ1TE5sP,824953,ZACK_GELOF_1_MLB,batting_hits,0.5,over,1.062,0.7077,0.6812,0,0.632,4.92,-199,4,2,2.35,0.82,PASS,true,false,W
77,2026-09-23 01:24:15.835+00,2026-09-23 01:40:00+00,doJ3OwfigTEzDZ1TE5sP,824953,ZACK_GELOF_1_MLB,batting_totalBases,1.5,over,1.877,0.4436,0.4334,0,0.4146,1.89,136,4,3,2.29,0.82,PASS,true,false,W
78,2026-09-23 01:24:15.835+00,2026-09-23 01:40:00+00,doJ3OwfigTEzDZ1TE5sP,824953,ALIKA_WILLIAMS_1_MLB,batting_totalBases,0.5,over,1.587,0.6762,0.6473,0,0.5936,5.37,-173,2,2,2.14,0.446,PASS,true,false,W
79,2026-09-23 01:24:15.835+00,2026-09-23 01:40:00+00,1jdR9YYTS2E4PjT6AXsm,823089,CHRISTIAN_WALKER_1_MLB,batting_totalBases,0.5,over,1.506,0.5992,0.5749,0,0.5298,4.51,-129,2,2,2.06,1,PASS,true,false,W
81,2026-09-23 01:24:15.835+00,2026-09-23 01:40:00+00,doJ3OwfigTEzDZ1TE5sP,824953,JOSE_SIRI_1_MLB,batting_totalBases,1.5,over,1.662,0.4095,0.4086,0,0.4069,0.17,149,4,2,1.75,0.47,PASS,true,false,W
82,2026-09-23 01:24:15.835+00,2026-09-23 01:40:00+00,doJ3OwfigTEzDZ1TE5sP,824953,VAUGHN_GRISSOM_1_MLB,batting_hits,1.5,under,1.035,0.7235,0.6992,0,0.6542,4.5,-220,2,2,1.71,0.892,PASS,false,false,L
83,2026-09-23 01:24:15.835+00,2026-09-23 01:40:00+00,doJ3OwfigTEzDZ1TE5sP,824953,ZACHARY_NETO_1_MLB,batting_hits,1.5,under,1.072,0.7077,0.6884,0,0.6526,3.58,-210,2,2,1.62,1,PASS,true,false,W
84,2026-09-23 01:24:15.835+00,2026-09-23 01:40:00+00,doJ3OwfigTEzDZ1TE5sP,824953,WADE_MECKLER_1_MLB,batting_hits,0.5,over,1.086,0.72,0.6957,0,0.6505,4.52,-218,4,2,1.48,0.624,PASS,true,false,W
86,2026-09-23 01:24:15.835+00,2026-09-23 01:40:00+00,doJ3OwfigTEzDZ1TE5sP,824953,TOMMY_WHITE_1_MLB,batting_totalBases,1.5,over,1.575,0.3981,0.3969,0,0.3945,0.24,155,4,3,1.2,0.364,PASS,true,false,W
87,2026-09-23 01:24:15.835+00,2026-09-23 01:40:00+00,1jdR9YYTS2E4PjT6AXsm,823089,YAINER_DIAZ_1_MLB,batting_totalBases,0.5,over,1.695,0.7033,0.6742,0,0.6203,5.4,-200,1,1,1.14,0.666,PASS,true,false,W
89,2026-09-23 01:24:15.835+00,2026-09-23 01:40:00+00,doJ3OwfigTEzDZ1TE5sP,824953,YUSEI_KIKUCHI_1_MLB,pitching_strikeouts,5.5,under,4.894,0.6346,0.6158,0,0.5807,3.5,-157,3,3,0.8,0.667,PASS,true,false,W
90,2026-09-23 01:24:15.835+00,2026-09-23 01:40:00+00,1jdR9YYTS2E4PjT6AXsm,823089,JP_CRAWFORD_1_MLB,batting_totalBases,0.5,over,1.454,0.6467,0.6267,0,0.5896,3.71,-165,2,2,0.65,0.934,PASS,false,false,L
91,2026-09-23 01:24:15.835+00,2026-09-23 01:40:00+00,1jdR9YYTS2E4PjT6AXsm,823089,CHRISTIAN_WALKER_1_MLB,batting_hits,0.5,over,0.817,0.5992,0.5779,0,0.5383,3.96,-135,4,2,0.6,1,PASS,true,false,W
94,2026-09-23 01:24:15.835+00,2026-09-23 01:40:00+00,1jdR9YYTS2E4PjT6AXsm,823089,CHRISTIAN_WALKER_1_MLB,batting_totalBases,1.5,over,1.506,0.3609,0.3609,0,,,178,2,0,0.32,1,PASS,true,false,W
96,2026-09-23 01:24:15.835+00,2026-09-23 01:40:00+00,1jdR9YYTS2E4PjT6AXsm,823089,CAL_RALEIGH_1_MLB,batting_hits,0.5,over,0.718,0.5474,0.5359,0,0.5145,2.14,-115,4,2,0.18,1,PASS,false,false,L
100,2026-09-23 01:24:15.835+00,2026-09-23 01:40:00+00,1jdR9YYTS2E4PjT6AXsm,823089,CAL_RALEIGH_1_MLB,batting_totalBases,0.5,over,1.482,0.5474,0.5299,0,0.4975,3.24,-113,2,2,-0.11,1,PASS,false,false,L
101,2026-09-23 01:24:15.835+00,2026-09-23 01:40:00+00,1jdR9YYTS2E4PjT6AXsm,823089,YAINER_DIAZ_1_MLB,batting_totalBases,1.5,over,1.695,0.4171,0.4074,0,0.3894,1.8,145,3,2,-0.18,0.666,PASS,true,false,W
103,2026-09-23 01:24:15.835+00,2026-09-23 01:40:00+00,doJ3OwfigTEzDZ1TE5sP,824953,MIKE_TROUT_1_MLB,batting_totalBases,1.5,under,1.693,0.5863,0.5699,0,0.5395,3.04,-134,3,3,-0.48,1,PASS,false,false,L
105,2026-09-23 01:24:15.835+00,2026-09-23 01:40:00+00,doJ3OwfigTEzDZ1TE5sP,824953,WADE_MECKLER_1_MLB,batting_totalBases,1.5,over,1.504,0.4017,0.3925,0,0.3753,1.72,153,4,3,-0.7,0.624,PASS,true,false,W
106,2026-09-23 01:24:15.835+00,2026-09-23 01:40:00+00,doJ3OwfigTEzDZ1TE5sP,824953,ZACHARY_NETO_1_MLB,batting_totalBases,1.5,under,1.956,0.5318,0.5195,0,0.4967,2.28,-110,3,3,-0.82,1,PASS,true,false,W
109,2026-09-23 01:24:15.835+00,2026-09-23 01:40:00+00,doJ3OwfigTEzDZ1TE5sP,824953,MIKE_TROUT_1_MLB,batting_hits,1.5,under,0.973,0.7498,0.7267,0,0.6839,4.28,-275,1,1,-0.9,1,PASS,false,false,L
110,2026-09-23 01:24:15.835+00,2026-09-23 01:40:00+00,doJ3OwfigTEzDZ1TE5sP,824953,CHRISTIAN_MOORE_1_MLB,batting_totalBases,1.5,under,1.408,0.6477,0.6306,0,0.5989,3.17,-175,2,2,-0.91,0.244,PASS,false,false,L
113,2026-09-23 01:24:15.835+00,2026-09-23 01:40:00+00,doJ3OwfigTEzDZ1TE5sP,824953,CHRISTIAN_MOORE_1_MLB,batting_hits,0.5,over,0.91,0.6449,0.6333,0,0.6118,2.15,-178,4,2,-1.09,0.244,PASS,true,false,W
115,2026-09-23 01:24:15.835+00,2026-09-23 01:40:00+00,doJ3OwfigTEzDZ1TE5sP,824953,DENZER_GUZMAN_1_MLB,batting_totalBases,1.5,under,1.613,0.5971,0.5825,0,0.5553,2.71,-144,3,3,-1.31,0.562,PASS,false,false,L
116,2026-09-23 01:24:15.835+00,2026-09-23 01:40:00+00,doJ3OwfigTEzDZ1TE5sP,824953,SHEA_LANGELIERS_1_MLB,batting_totalBases,1.5,under,2.066,0.5171,0.5099,0,0.4967,1.33,-107,3,3,-1.35,0.882,PASS,false,false,L
117,2026-09-23 01:24:15.835+00,2026-09-23 01:40:00+00,doJ3OwfigTEzDZ1TE5sP,824953,LAWRENCE_BUTLER_1_MLB,batting_hits,0.5,over,0.944,0.6594,0.6459,0,0.6207,2.52,-190,4,2,-1.42,1,PASS,true,false,W
118,2026-09-23 01:24:15.835+00,2026-09-23 01:40:00+00,doJ3OwfigTEzDZ1TE5sP,824953,DENZER_GUZMAN_1_MLB,batting_hits,1.5,under,1.048,0.718,0.7034,0,0.6761,2.72,-250,2,2,-1.53,0.562,PASS,true,false,W
119,2026-09-23 01:24:15.835+00,2026-09-23 01:40:00+00,doJ3OwfigTEzDZ1TE5sP,824953,HENRY_BOLTE_1_MLB,batting_hits,0.5,over,1.163,0.7436,0.7214,0,0.6802,4.12,-275,1,1,-1.63,0.89,PASS,true,false,W
120,2026-09-23 01:24:15.835+00,2026-09-23 01:40:00+00,1jdR9YYTS2E4PjT6AXsm,823089,LOGAN_GILBERT_1_MLB,pitching_strikeouts,6.5,over,6.35,0.4497,0.445,0,0.4364,0.86,121,3,3,-1.65,1,PASS,false,false,L
122,2026-09-23 01:24:15.835+00,2026-09-23 01:40:00+00,doJ3OwfigTEzDZ1TE5sP,824953,TOMMY_WHITE_1_MLB,batting_hits,0.5,over,1.061,0.7049,0.6887,0,0.6586,3.01,-235,3,1,-1.83,0.364,PASS,true,false,W
124,2026-09-23 01:24:15.835+00,2026-09-23 01:40:00+00,doJ3OwfigTEzDZ1TE5sP,824953,LAWRENCE_BUTLER_1_MLB,batting_totalBases,0.5,over,1.592,0.6594,0.6426,0,0.6113,3.13,-190,1,1,-1.92,1,PASS,true,false,W
127,2026-09-23 01:24:15.835+00,2026-09-23 01:40:00+00,1jdR9YYTS2E4PjT6AXsm,823089,CAM_SMITH_1_MLB,batting_hits,0.5,under,0.733,0.444,0.4414,0,0.4366,0.48,122,2,2,-2.01,1,PASS,false,false,L
128,2026-09-23 01:24:15.835+00,2026-09-23 01:40:00+00,doJ3OwfigTEzDZ1TE5sP,824953,VAUGHN_GRISSOM_1_MLB,batting_totalBases,1.5,under,1.669,0.5736,0.5628,0,0.5428,2,-135,3,3,-2.03,0.892,PASS,false,false,L
132,2026-09-23 01:24:15.835+00,2026-09-23 01:40:00+00,doJ3OwfigTEzDZ1TE5sP,824953,SHEA_LANGELIERS_1_MLB,batting_hits,1.5,under,1.142,0.678,0.6737,0,0.6657,0.8,-223,2,2,-2.42,0.882,PASS,false,false,L
133,2026-09-23 01:24:15.835+00,2026-09-23 01:40:00+00,doJ3OwfigTEzDZ1TE5sP,824953,MOISES_BALLESTEROS_1_MLB,batting_totalBases,1.5,under,1.522,0.6249,0.6189,0,0.6077,1.12,-175,3,3,-2.75,0.664,PASS,true,false,W
137,2026-09-23 01:24:15.835+00,2026-09-23 01:40:00+00,doJ3OwfigTEzDZ1TE5sP,824953,MOISES_BALLESTEROS_1_MLB,batting_hits,0.5,over,0.972,0.6716,0.6642,0,0.6505,1.37,-218,4,2,-3.11,0.664,PASS,true,false,W
139,2026-09-23 01:24:15.835+00,2026-09-23 01:40:00+00,doJ3OwfigTEzDZ1TE5sP,824953,HENRY_BOLTE_1_MLB,batting_totalBases,1.5,under,1.704,0.5684,0.5647,0,0.558,0.68,-140,3,3,-3.19,0.89,PASS,false,false,L
140,2026-09-23 01:24:15.835+00,2026-09-23 01:40:00+00,doJ3OwfigTEzDZ1TE5sP,824953,YUSEI_KIKUCHI_1_MLB,pitching_strikeouts,4.5,under,4.894,0.4593,0.4503,0,0.4335,1.68,115,1,1,-3.19,0.667,PASS,true,false,W
143,2026-09-23 01:24:15.835+00,2026-09-23 01:40:00+00,1jdR9YYTS2E4PjT6AXsm,823089,LOGAN_GILBERT_1_MLB,pitching_strikeouts,5.5,over,6.35,0.6087,0.6008,0,0.5862,1.47,-164,1,1,-3.28,1,PASS,false,false,L
145,2026-09-23 01:24:15.835+00,2026-09-23 01:40:00+00,doJ3OwfigTEzDZ1TE5sP,824953,TOMMY_WHITE_1_MLB,batting_totalBases,1.5,under,1.575,0.6019,0.6031,0,0.6055,-0.24,-166,3,3,-3.35,0.364,PASS,false,false,L
148,2026-09-23 01:24:15.835+00,2026-09-23 01:40:00+00,doJ3OwfigTEzDZ1TE5sP,824953,SHEA_LANGELIERS_1_MLB,batting_hits,1.5,over,1.142,0.322,0.3263,0,0.3343,-0.8,195,4,2,-3.74,0.882,PASS,true,false,W
149,2026-09-23 01:24:15.835+00,2026-09-23 01:40:00+00,doJ3OwfigTEzDZ1TE5sP,824953,TOMMY_WHITE_1_MLB,batting_hits,1.5,under,1.061,0.7127,0.704,0,0.688,1.6,-274,1,1,-3.9,0.364,PASS,false,false,L
152,2026-09-23 01:24:15.835+00,2026-09-23 01:40:00+00,1jdR9YYTS2E4PjT6AXsm,823089,CAM_SMITH_1_MLB,batting_hits,0.5,over,0.733,0.556,0.5586,0,0.5634,-0.48,-140,4,2,-4.24,1,PASS,true,false,W
153,2026-09-23 01:24:15.835+00,2026-09-23 01:40:00+00,doJ3OwfigTEzDZ1TE5sP,824953,HENRY_BOLTE_1_MLB,batting_totalBases,1.5,over,1.704,0.4316,0.4353,0,0.442,-0.68,120,4,3,-4.24,0.89,PASS,true,false,W
154,2026-09-23 01:24:15.835+00,2026-09-23 01:40:00+00,1jdR9YYTS2E4PjT6AXsm,823089,CAM_SMITH_1_MLB,batting_totalBases,0.5,over,1.365,0.556,0.5515,0,0.543,0.84,-136,2,2,-4.3,1,PASS,true,false,W
156,2026-09-23 01:24:15.835+00,2026-09-23 01:40:00+00,doJ3OwfigTEzDZ1TE5sP,824953,HENRY_BOLTE_1_MLB,batting_hits,1.5,over,1.163,0.3314,0.3298,0,0.3269,0.3,190,3,1,-4.35,0.89,PASS,false,false,L
163,2026-09-23 01:24:15.835+00,2026-09-23 01:40:00+00,doJ3OwfigTEzDZ1TE5sP,824953,MIKE_TROUT_1_MLB,batting_hits,0.5,under,0.973,0.3268,0.3246,0,0.3205,0.42,193,1,1,-4.89,1,PASS,false,false,L
164,2026-09-23 01:24:15.835+00,2026-09-23 01:40:00+00,doJ3OwfigTEzDZ1TE5sP,824953,JONAH_HEIM_1_MLB,batting_hits,0.5,over,0.858,0.6198,0.6173,0,0.6125,0.48,-185,4,2,-4.91,0.746,PASS,false,false,L
165,2026-09-23 01:24:15.835+00,2026-09-23 01:40:00+00,doJ3OwfigTEzDZ1TE5sP,824953,LAWRENCE_BUTLER_1_MLB,batting_totalBases,1.5,under,1.592,0.6171,0.6137,0,0.6072,0.64,-182,2,2,-4.92,1,PASS,false,false,L
168,2026-09-23 01:24:15.835+00,2026-09-23 01:40:00+00,doJ3OwfigTEzDZ1TE5sP,824953,JONAH_HEIM_1_MLB,batting_totalBases,1.5,under,1.498,0.6274,0.6217,0,0.6113,1.05,-190,1,1,-5.1,0.746,PASS,true,false,W
172,2026-09-23 01:24:15.835+00,2026-09-23 01:40:00+00,doJ3OwfigTEzDZ1TE5sP,824953,CHRISTIAN_MOORE_1_MLB,batting_totalBases,1.5,over,1.408,0.3523,0.3694,0,0.4011,-3.17,156,4,2,-5.43,0.244,PASS,true,false,W
173,2026-09-23 01:24:15.835+00,2026-09-23 01:40:00+00,doJ3OwfigTEzDZ1TE5sP,824953,JONAH_HEIM_1_MLB,batting_totalBases,1.5,over,1.498,0.3726,0.3783,0,0.3887,-1.05,150,3,1,-5.43,0.746,PASS,false,false,L
175,2026-09-23 01:24:15.835+00,2026-09-23 01:40:00+00,doJ3OwfigTEzDZ1TE5sP,824953,MIKE_TROUT_1_MLB,batting_hits,0.5,over,0.973,0.6732,0.6754,0,0.6795,-0.42,-250,3,1,-5.44,1,PASS,true,false,W
176,2026-09-23 01:24:15.835+00,2026-09-23 01:40:00+00,doJ3OwfigTEzDZ1TE5sP,824953,JONAH_HEIM_1_MLB,batting_hits,0.5,under,0.858,0.3802,0.3827,0,0.3875,-0.48,147,2,2,-5.47,0.746,PASS,true,false,W
178,2026-09-23 01:24:15.835+00,2026-09-23 01:40:00+00,doJ3OwfigTEzDZ1TE5sP,824953,JONAH_HEIM_1_MLB,batting_totalBases,0.5,over,1.498,0.6174,0.6127,0,0.604,0.87,-185,1,1,-5.61,0.746,PASS,false,false,L
179,2026-09-23 01:24:15.835+00,2026-09-23 01:40:00+00,1jdR9YYTS2E4PjT6AXsm,823089,LOGAN_GILBERT_1_MLB,pitching_strikeouts,6.5,under,6.35,0.5503,0.555,0,0.5636,-0.86,-145,3,3,-6.23,1,PASS,true,false,W
180,2026-09-23 01:24:15.835+00,2026-09-23 01:40:00+00,doJ3OwfigTEzDZ1TE5sP,824953,MOISES_BALLESTEROS_1_MLB,batting_totalBases,1.5,over,1.522,0.3751,0.3811,0,0.3923,-1.12,146,4,3,-6.25,0.664,PASS,false,false,L
182,2026-09-23 01:24:15.835+00,2026-09-23 01:40:00+00,doJ3OwfigTEzDZ1TE5sP,824953,SHEA_LANGELIERS_1_MLB,batting_totalBases,1.5,over,2.066,0.4829,0.4901,0,0.5033,-1.33,-110,4,3,-6.44,0.882,PASS,true,false,W
184,2026-09-23 01:24:15.835+00,2026-09-23 01:40:00+00,doJ3OwfigTEzDZ1TE5sP,824953,HENRY_BOLTE_1_MLB,batting_hits,1.5,under,1.163,0.6686,0.6702,0,0.6731,-0.3,-254,1,1,-6.6,0.89,PASS,true,false,W
186,2026-09-23 01:24:15.835+00,2026-09-23 01:40:00+00,doJ3OwfigTEzDZ1TE5sP,824953,JOSE_SIRI_1_MLB,batting_totalBases,1.5,under,1.662,0.5905,0.5914,0,0.5931,-0.17,-173,2,2,-6.68,0.47,PASS,false,false,L
187,2026-09-23 01:24:15.835+00,2026-09-23 01:40:00+00,doJ3OwfigTEzDZ1TE5sP,824953,LAWRENCE_BUTLER_1_MLB,batting_totalBases,1.5,over,1.592,0.3829,0.3863,0,0.3928,-0.64,141,3,2,-6.89,1,PASS,true,false,W
193,2026-09-23 01:24:15.835+00,2026-09-23 01:40:00+00,doJ3OwfigTEzDZ1TE5sP,824953,MOISES_BALLESTEROS_1_MLB,batting_hits,0.5,under,0.972,0.3284,0.3358,0,0.3495,-1.37,175,2,2,-7.65,0.664,PASS,false,false,L
196,2026-09-23 01:24:15.835+00,2026-09-23 01:40:00+00,doJ3OwfigTEzDZ1TE5sP,824953,ZACK_GELOF_1_MLB,batting_totalBases,1.5,under,1.877,0.5564,0.5666,0,0.5854,-1.89,-160,3,3,-7.93,0.82,PASS,false,false,L
197,2026-09-23 01:24:15.835+00,2026-09-23 01:40:00+00,1jdR9YYTS2E4PjT6AXsm,823089,CAM_SMITH_1_MLB,batting_totalBases,0.5,under,1.365,0.444,0.4485,0,0.457,-0.84,105,2,2,-8.05,1,PASS,false,false,L
198,2026-09-23 01:24:15.835+00,2026-09-23 01:40:00+00,1jdR9YYTS2E4PjT6AXsm,823089,CAL_RALEIGH_1_MLB,batting_hits,0.5,under,0.718,0.4526,0.4641,0,0.4855,-2.14,-102,2,2,-8.08,1,PASS,true,false,W
200,2026-09-23 01:24:15.835+00,2026-09-23 01:40:00+00,doJ3OwfigTEzDZ1TE5sP,824953,CHRISTIAN_MOORE_1_MLB,batting_hits,0.5,under,0.91,0.3551,0.3667,0,0.3882,-2.15,150,2,2,-8.33,0.244,PASS,false,false,L
202,2026-09-23 01:24:15.835+00,2026-09-23 01:40:00+00,1jdR9YYTS2E4PjT6AXsm,823089,YAINER_DIAZ_1_MLB,batting_totalBases,1.5,under,1.695,0.5829,0.5926,0,0.6106,-1.8,-184,2,2,-8.54,0.666,PASS,false,false,L
203,2026-09-23 01:24:15.835+00,2026-09-23 01:40:00+00,doJ3OwfigTEzDZ1TE5sP,824953,ZACHARY_NETO_1_MLB,batting_totalBases,1.5,over,1.956,0.4682,0.4805,0,0.5033,-2.28,-111,4,3,-8.66,1,PASS,false,false,L
204,2026-09-23 01:24:15.835+00,2026-09-23 01:40:00+00,1jdR9YYTS2E4PjT6AXsm,823089,CAM_SMITH_1_MLB,batting_totalBases,1.5,over,1.365,0.3201,0.3201,0,,,185,2,0,-8.78,1,PASS,true,false,W
206,2026-09-23 01:24:15.835+00,2026-09-23 01:40:00+00,doJ3OwfigTEzDZ1TE5sP,824953,WADE_MECKLER_1_MLB,batting_totalBases,1.5,under,1.504,0.5983,0.6075,0,0.6247,-1.72,-200,3,3,-8.87,0.624,PASS,false,false,L
207,2026-09-23 01:24:15.835+00,2026-09-23 01:40:00+00,1jdR9YYTS2E4PjT6AXsm,823089,LOGAN_GILBERT_1_MLB,pitching_strikeouts,5.5,under,6.35,0.3913,0.3992,0,0.4138,-1.47,128,1,1,-8.99,1,PASS,true,false,W
208,2026-09-23 01:24:15.835+00,2026-09-23 01:40:00+00,doJ3OwfigTEzDZ1TE5sP,824953,JONAH_HEIM_1_MLB,batting_totalBases,0.5,under,1.498,0.3826,0.3873,0,0.396,-0.87,135,1,1,-8.99,0.746,PASS,true,false,W
210,2026-09-23 01:24:15.835+00,2026-09-23 01:40:00+00,doJ3OwfigTEzDZ1TE5sP,824953,VAUGHN_GRISSOM_1_MLB,batting_totalBases,1.5,over,1.669,0.4264,0.4372,0,0.4572,-2,107,4,3,-9.5,0.892,PASS,true,false,W
211,2026-09-23 01:24:15.835+00,2026-09-23 01:40:00+00,doJ3OwfigTEzDZ1TE5sP,824953,YUSEI_KIKUCHI_1_MLB,pitching_strikeouts,4.5,over,4.894,0.5407,0.5497,0,0.5665,-1.68,-155,1,1,-9.56,0.667,PASS,false,false,L
212,2026-09-23 01:24:15.835+00,2026-09-23 01:40:00+00,doJ3OwfigTEzDZ1TE5sP,824953,ZACHARY_NETO_1_MLB,batting_hits,1.5,over,1.072,0.2923,0.3116,0,0.3474,-3.58,190,4,2,-9.64,1,PASS,false,false,L
216,2026-09-23 01:24:15.835+00,2026-09-23 01:40:00+00,doJ3OwfigTEzDZ1TE5sP,824953,LAWRENCE_BUTLER_1_MLB,batting_hits,0.5,under,0.944,0.3406,0.3541,0,0.3793,-2.52,153,2,2,-10.4,1,PASS,false,false,L
217,2026-09-23 01:24:15.835+00,2026-09-23 01:40:00+00,doJ3OwfigTEzDZ1TE5sP,824953,TOMMY_WHITE_1_MLB,batting_hits,1.5,over,1.061,0.2873,0.296,0,0.312,-1.6,201,1,1,-10.91,0.364,PASS,true,false,W
225,2026-09-23 01:24:15.835+00,2026-09-23 01:40:00+00,doJ3OwfigTEzDZ1TE5sP,824953,YUSEI_KIKUCHI_1_MLB,pitching_strikeouts,5.5,over,4.894,0.3654,0.3842,0,0.4193,-3.5,130,3,3,-11.62,0.667,PASS,false,false,L
226,2026-09-23 01:24:15.835+00,2026-09-23 01:40:00+00,doJ3OwfigTEzDZ1TE5sP,824953,MIKE_TROUT_1_MLB,batting_totalBases,1.5,over,1.693,0.4137,0.4301,0,0.4605,-3.04,105,4,3,-11.83,1,PASS,true,false,W
227,2026-09-23 01:24:15.835+00,2026-09-23 01:40:00+00,1jdR9YYTS2E4PjT6AXsm,823089,CAL_RALEIGH_1_MLB,batting_totalBases,0.5,under,1.482,0.4526,0.4701,0,0.5025,-3.24,-115,2,2,-12.11,1,PASS,true,false,W
228,2026-09-23 01:24:15.835+00,2026-09-23 01:40:00+00,doJ3OwfigTEzDZ1TE5sP,824953,DENZER_GUZMAN_1_MLB,batting_totalBases,1.5,over,1.613,0.4029,0.4175,0,0.4447,-2.71,110,4,3,-12.32,0.562,PASS,true,false,W
230,2026-09-23 01:24:15.835+00,2026-09-23 01:40:00+00,1jdR9YYTS2E4PjT6AXsm,823089,YAINER_DIAZ_1_MLB,batting_hits,0.5,under,1.063,0.2941,0.317,0,0.3597,-4.27,176,2,2,-12.49,0.666,PASS,false,false,L
231,2026-09-23 01:24:15.835+00,2026-09-23 01:40:00+00,doJ3OwfigTEzDZ1TE5sP,824953,DENZER_GUZMAN_1_MLB,batting_hits,1.5,over,1.048,0.282,0.2966,0,0.3239,-2.72,195,4,2,-12.5,0.562,PASS,false,false,L
232,2026-09-23 01:24:15.835+00,2026-09-23 01:40:00+00,1jdR9YYTS2E4PjT6AXsm,823089,CAL_RALEIGH_1_MLB,batting_totalBases,1.5,over,1.482,0.3412,0.3412,0,,,155,2,0,-12.99,1,PASS,false,false,L
235,2026-09-23 01:24:15.835+00,2026-09-23 01:40:00+00,1jdR9YYTS2E4PjT6AXsm,823089,JEREMY_PENA_1_MLB,batting_totalBases,1.5,under,1.949,0.5345,0.5606,0,0.6092,-4.85,-185,2,2,-13.63,0.912,PASS,true,false,W
236,2026-09-23 01:24:15.835+00,2026-09-23 01:40:00+00,1jdR9YYTS2E4PjT6AXsm,823089,YORDAN_ALVAREZ_1_MLB,batting_totalBases,1.5,under,2.17,0.4993,0.5294,0,0.5853,-5.59,-159,3,3,-13.76,1,PASS,false,false,L
237,2026-09-23 01:24:15.835+00,2026-09-23 01:40:00+00,1jdR9YYTS2E4PjT6AXsm,823089,JP_CRAWFORD_1_MLB,batting_totalBases,0.5,under,1.454,0.3533,0.3733,0,0.4104,-3.71,131,2,2,-13.76,0.934,PASS,true,false,W
238,2026-09-23 01:24:15.835+00,2026-09-23 01:40:00+00,1jdR9YYTS2E4PjT6AXsm,823089,CHRISTIAN_WALKER_1_MLB,batting_hits,0.5,under,0.817,0.4008,0.4221,0,0.4617,-3.96,104,2,2,-13.89,1,PASS,false,false,L
239,2026-09-23 01:24:15.835+00,2026-09-23 01:40:00+00,doJ3OwfigTEzDZ1TE5sP,824953,JOSE_SIRI_1_MLB,batting_hits,0.5,under,1.006,0.3135,0.3435,0,0.3991,-5.56,150,2,2,-14.14,0.47,PASS,false,false,L
240,2026-09-23 01:24:15.835+00,2026-09-23 01:40:00+00,1jdR9YYTS2E4PjT6AXsm,823089,JP_CRAWFORD_1_MLB,batting_hits,0.5,under,0.917,0.3527,0.3815,0,0.435,-5.35,125,2,2,-14.16,0.934,PASS,true,false,W
241,2026-09-23 01:24:15.835+00,2026-09-23 01:40:00+00,doJ3OwfigTEzDZ1TE5sP,824953,LAWRENCE_BUTLER_1_MLB,batting_totalBases,0.5,under,1.592,0.3406,0.3574,0,0.3887,-3.13,140,1,1,-14.22,1,PASS,false,false,L
243,2026-09-23 01:24:15.835+00,2026-09-23 01:40:00+00,doJ3OwfigTEzDZ1TE5sP,824953,VAUGHN_GRISSOM_1_MLB,batting_hits,1.5,over,1.035,0.2765,0.3008,0,0.3458,-4.5,185,4,2,-14.28,0.892,PASS,true,false,W
244,2026-09-23 01:24:15.835+00,2026-09-23 01:40:00+00,doJ3OwfigTEzDZ1TE5sP,824953,TOMMY_WHITE_1_MLB,batting_hits,0.5,under,1.061,0.2951,0.3113,0,0.3414,-3.01,175,1,1,-14.38,0.364,PASS,false,false,L
246,2026-09-23 01:24:15.835+00,2026-09-23 01:40:00+00,1jdR9YYTS2E4PjT6AXsm,823089,CHRISTIAN_WALKER_1_MLB,batting_totalBases,0.5,under,1.506,0.4008,0.4251,0,0.4702,-4.51,100,2,2,-14.99,1,PASS,false,false,L
250,2026-09-23 01:24:15.835+00,2026-09-23 01:40:00+00,1jdR9YYTS2E4PjT6AXsm,823089,DOMINIC_CANZONE_1_MLB,batting_totalBases,1.5,under,2.036,0.5093,0.5423,0,0.6037,-6.13,-182,1,1,-15.97,1,PASS,true,false,W
263,2026-09-23 01:24:15.835+00,2026-09-23 01:40:00+00,doJ3OwfigTEzDZ1TE5sP,824953,ZACK_GELOF_1_MLB,batting_hits,0.5,under,1.062,0.2923,0.3188,0,0.368,-4.92,160,2,2,-17.11,0.82,PASS,false,false,L
267,2026-09-23 01:24:15.835+00,2026-09-23 01:40:00+00,doJ3OwfigTEzDZ1TE5sP,824953,WADE_MECKLER_1_MLB,batting_hits,0.5,under,1.086,0.28,0.3043,0,0.3495,-4.52,170,2,2,-17.84,0.624,PASS,false,false,L
269,2026-09-23 01:24:15.835+00,2026-09-23 01:40:00+00,1jdR9YYTS2E4PjT6AXsm,823089,ISAAC_PAREDES_1_MLB,batting_totalBases,0.5,under,1.615,0.3307,0.3618,0,0.4195,-5.78,125,2,2,-18.6,1,PASS,false,false,L
271,2026-09-23 01:24:15.835+00,2026-09-23 01:40:00+00,1jdR9YYTS2E4PjT6AXsm,823089,ISAAC_PAREDES_1_MLB,batting_hits,0.5,under,0.966,0.3307,0.3606,0,0.4162,-5.56,125,2,2,-18.86,1,PASS,false,false,L
272,2026-09-23 01:24:15.835+00,2026-09-23 01:40:00+00,doJ3OwfigTEzDZ1TE5sP,824953,ALIKA_WILLIAMS_1_MLB,batting_totalBases,0.5,under,1.587,0.3238,0.3527,0,0.4064,-5.37,130,2,2,-18.87,0.446,PASS,false,false,L
273,2026-09-23 01:24:15.835+00,2026-09-23 01:40:00+00,1jdR9YYTS2E4PjT6AXsm,823089,JOSE_ALTUVE_1_MLB,batting_hits,0.5,under,0.973,0.3294,0.3601,0,0.417,-5.7,125,2,2,-18.98,1,PASS,false,false,L
275,2026-09-23 01:24:15.835+00,2026-09-23 01:40:00+00,1jdR9YYTS2E4PjT6AXsm,823089,JOSE_ALTUVE_1_MLB,batting_totalBases,0.5,under,1.57,0.3294,0.3594,0,0.4151,-5.57,125,2,2,-19.13,1,PASS,false,false,L
276,2026-09-23 01:24:15.835+00,2026-09-23 01:40:00+00,doJ3OwfigTEzDZ1TE5sP,824953,HENRY_BOLTE_1_MLB,batting_hits,0.5,under,1.163,0.2564,0.2786,0,0.3198,-4.12,190,1,1,-19.2,0.89,PASS,false,false,L
277,2026-09-23 01:24:15.835+00,2026-09-23 01:40:00+00,doJ3OwfigTEzDZ1TE5sP,824953,ALIKA_WILLIAMS_1_MLB,batting_hits,0.5,under,0.992,0.3192,0.3512,0,0.4107,-5.95,130,2,2,-19.23,0.446,PASS,false,false,L
278,2026-09-23 01:24:15.835+00,2026-09-23 01:40:00+00,doJ3OwfigTEzDZ1TE5sP,824953,MIKE_TROUT_1_MLB,batting_hits,1.5,over,0.973,0.2502,0.2733,0,0.3161,-4.28,195,1,1,-19.38,1,PASS,true,false,W
279,2026-09-23 01:24:15.835+00,2026-09-23 01:40:00+00,1jdR9YYTS2E4PjT6AXsm,823089,JEREMY_PENA_1_MLB,batting_hits,0.5,under,1.143,0.2685,0.3049,0,0.3726,-6.77,163,2,2,-19.81,0.912,PASS,false,false,L
283,2026-09-23 01:24:15.835+00,2026-09-23 01:40:00+00,1jdR9YYTS2E4PjT6AXsm,823089,YAINER_DIAZ_1_MLB,batting_totalBases,0.5,under,1.695,0.2967,0.3258,0,0.3797,-5.4,145,1,1,-20.19,0.666,PASS,false,false,L
284,2026-09-23 01:24:15.835+00,2026-09-23 01:40:00+00,1jdR9YYTS2E4PjT6AXsm,823089,COLE_YOUNG_1_MLB,batting_hits,0.5,under,0.963,0.3315,0.3687,0,0.4377,-6.9,116,2,2,-20.36,1,PASS,false,false,L
285,2026-09-23 01:24:15.835+00,2026-09-23 01:40:00+00,1jdR9YYTS2E4PjT6AXsm,823089,COLE_YOUNG_1_MLB,batting_totalBases,0.5,under,1.512,0.3315,0.3689,0,0.4383,-6.94,115,2,2,-20.69,1,PASS,false,false,L
287,2026-09-23 01:24:15.835+00,2026-09-23 01:40:00+00,1jdR9YYTS2E4PjT6AXsm,823089,JULIO_RODRIGUEZ_1_MLB,batting_totalBases,0.5,under,1.632,0.3154,0.3518,0,0.4193,-6.75,125,2,2,-20.85,1,PASS,false,false,L
289,2026-09-23 01:24:15.835+00,2026-09-23 01:40:00+00,1jdR9YYTS2E4PjT6AXsm,823089,BRICE_MATTHEWS_1_MLB,batting_hits,0.5,under,0.78,0.4184,0.4639,0,0.5485,-8.45,-142,1,1,-20.93,0.46,PASS,false,false,L
291,2026-09-23 01:24:15.835+00,2026-09-23 01:40:00+00,1jdR9YYTS2E4PjT6AXsm,823089,TAYLOR_TRAMMELL_1_MLB,batting_hits,0.5,under,0.786,0.4157,0.4664,0,0.5607,-9.43,-146,2,2,-21.41,0.546,PASS,true,false,W
294,2026-09-23 01:24:15.835+00,2026-09-23 01:40:00+00,1jdR9YYTS2E4PjT6AXsm,823089,JULIO_RODRIGUEZ_1_MLB,batting_hits,0.5,under,1.002,0.3154,0.353,0,0.4229,-6.98,122,2,2,-21.63,1,PASS,false,false,L
295,2026-09-23 01:24:15.835+00,2026-09-23 01:40:00+00,1jdR9YYTS2E4PjT6AXsm,823089,TAYLOR_TRAMMELL_1_MLB,batting_totalBases,0.5,under,1.317,0.4199,0.4707,0,0.565,-9.43,-152,2,2,-21.97,0.546,PASS,true,false,W
296,2026-09-23 01:24:15.835+00,2026-09-23 01:40:00+00,1jdR9YYTS2E4PjT6AXsm,823089,JOSH_NAYLOR_1_MLB,batting_hits,0.5,under,1.092,0.2793,0.3214,0,0.3997,-7.82,140,2,2,-22.86,1,PASS,true,false,W
299,2026-09-23 01:24:15.835+00,2026-09-23 01:40:00+00,1jdR9YYTS2E4PjT6AXsm,823089,JOSH_NAYLOR_1_MLB,batting_totalBases,0.5,under,1.461,0.2793,0.3174,0,0.3882,-7.08,141,2,2,-23.5,1,PASS,true,false,W
300,2026-09-23 01:24:15.835+00,2026-09-23 01:40:00+00,1jdR9YYTS2E4PjT6AXsm,823089,DOMINIC_CANZONE_1_MLB,batting_hits,0.5,under,1.097,0.279,0.32,0,0.3962,-7.61,136,2,2,-24.47,1,PASS,false,false,L
301,2026-09-23 01:24:15.835+00,2026-09-23 01:40:00+00,1jdR9YYTS2E4PjT6AXsm,823089,DOMINIC_CANZONE_1_MLB,batting_totalBases,0.5,under,2.036,0.279,0.32,0,0.396,-7.6,135,1,1,-24.81,1,PASS,false,false,L
303,2026-09-23 01:24:15.835+00,2026-09-23 01:40:00+00,1jdR9YYTS2E4PjT6AXsm,823089,YORDAN_ALVAREZ_1_MLB,batting_hits,0.5,under,1.139,0.261,0.3042,0,0.3846,-8.03,146,2,2,-25.16,1,PASS,false,false,L
304,2026-09-23 01:24:15.835+00,2026-09-23 01:40:00+00,1jdR9YYTS2E4PjT6AXsm,823089,JEREMY_PENA_1_MLB,batting_totalBases,0.5,under,1.949,0.2691,0.311,0,0.3887,-7.77,140,1,1,-25.36,0.912,PASS,false,false,L
305,2026-09-23 01:24:15.835+00,2026-09-23 01:40:00+00,1jdR9YYTS2E4PjT6AXsm,823089,CRISTIAN_JAVIER_1_MLB,pitching_strikeouts,4.5,under,5.568,0.3471,0.4131,0,0.5359,-12.27,-127,4,4,-26.15,0.611,PASS,true,false,W
306,2026-09-23 01:24:15.835+00,2026-09-23 01:40:00+00,1jdR9YYTS2E4PjT6AXsm,823089,RANDY_AROZARENA_1_MLB,batting_hits,0.5,under,1.146,0.259,0.3186,0,0.4295,-11.08,120,2,2,-29.9,1,PASS,true,false,W
307,2026-09-23 01:24:15.835+00,2026-09-23 01:40:00+00,1jdR9YYTS2E4PjT6AXsm,823089,RANDY_AROZARENA_1_MLB,batting_totalBases,0.5,under,1.973,0.259,0.3192,0,0.4312,-11.19,118,2,2,-30.41,1,PASS,true,false,W
308,2026-09-23 01:24:15.835+00,2026-09-23 01:40:00+00,doJ3OwfigTEzDZ1TE5sP,824953,BRADY_BASSO_1_MLB,pitching_strikeouts,3.5,under,6.239,0.1311,0.2792,0,0.5542,-27.5,-136,4,4,-51.55,0.333,PASS,true,false,W
309,2026-09-23 01:24:15.835+00,2026-09-23 01:40:00+00,1jdR9YYTS2E4PjT6AXsm,823089,CAL_RALEIGH_1_MLB,batting_totalBases,1.5,under,1.482,0.6588,0.6588,0,,,,0,0,,1,PASS,true,false,W
310,2026-09-23 01:24:15.835+00,2026-09-23 01:40:00+00,1jdR9YYTS2E4PjT6AXsm,823089,CAM_SMITH_1_MLB,batting_totalBases,1.5,under,1.365,0.6799,0.6799,0,,,,0,0,,1,PASS,false,false,L
311,2026-09-23 01:24:15.835+00,2026-09-23 01:40:00+00,1jdR9YYTS2E4PjT6AXsm,823089,CHRISTIAN_WALKER_1_MLB,batting_totalBases,1.5,under,1.506,0.6391,0.6391,0,,,,0,0,,1,PASS,false,false,L
312,2026-09-23 01:24:15.835+00,2026-09-23 01:40:00+00,1jdR9YYTS2E4PjT6AXsm,823089,COLE_YOUNG_1_MLB,batting_totalBases,1.5,under,1.512,0.6306,0.6306,0,,,,0,0,,1,PASS,true,false,W
315,2026-09-23 01:24:15.835+00,2026-09-23 01:40:00+00,1jdR9YYTS2E4PjT6AXsm,823089,ISAAC_PAREDES_1_MLB,batting_totalBases,1.5,under,1.615,0.6049,0.6049,0,,,,0,0,,1,PASS,false,false,L
316,2026-09-23 01:24:15.835+00,2026-09-23 01:40:00+00,1jdR9YYTS2E4PjT6AXsm,823089,JOSE_ALTUVE_1_MLB,batting_totalBases,1.5,under,1.57,0.6072,0.6072,0,,,,0,0,,1,PASS,false,false,L
317,2026-09-23 01:24:15.835+00,2026-09-23 01:40:00+00,1jdR9YYTS2E4PjT6AXsm,823089,JOSH_NAYLOR_1_MLB,batting_totalBases,1.5,under,1.461,0.6118,0.6118,0,,,,0,0,,1,PASS,true,false,W
318,2026-09-23 01:24:15.835+00,2026-09-23 01:40:00+00,1jdR9YYTS2E4PjT6AXsm,823089,JULIO_RODRIGUEZ_1_MLB,batting_totalBases,1.5,under,1.632,0.5987,0.5987,0,,,,0,0,,1,PASS,false,false,L
319,2026-09-23 01:24:15.835+00,2026-09-23 01:40:00+00,1jdR9YYTS2E4PjT6AXsm,823089,RANDY_AROZARENA_1_MLB,batting_totalBases,1.5,under,1.973,0.5184,0.5184,0,,,,0,0,,1,PASS,true,false,W
320,2026-09-23 01:24:15.835+00,2026-09-23 01:40:00+00,1jdR9YYTS2E4PjT6AXsm,823089,TAYLOR_TRAMMELL_1_MLB,batting_totalBases,1.5,under,1.317,0.6766,0.6766,0,,,,0,0,,0.546,PASS,true,false,W
321,2026-09-23 01:24:15.835+00,2026-09-23 01:40:00+00,1jdR9YYTS2E4PjT6AXsm,823089,JP_CRAWFORD_1_MLB,batting_totalBases,1.5,under,1.454,0.6512,0.6512,0,,,,0,0,,0.934,PASS,true,false,W
322,2026-09-23 01:24:15.835+00,2026-09-23 01:40:00+00,1jdR9YYTS2E4PjT6AXsm,823089,BRICE_MATTHEWS_1_MLB,batting_totalBases,1.5,under,1.258,0.6992,0.6992,0,,,,0,0,,0.46,PASS,true,false,W
323,2026-09-23 01:24:15.835+00,2026-09-23 01:40:00+00,doJ3OwfigTEzDZ1TE5sP,824953,ALIKA_WILLIAMS_1_MLB,batting_totalBases,1.5,under,1.587,0.5802,0.5802,0,,,,0,0,,0.446,PASS,false,false,L
326,2026-09-23 01:24:15.835+00,2026-09-23 01:40:00+00,doJ3OwfigTEzDZ1TE5sP,824953,OSWALD_PERAZA_1_MLB,batting_hits,0.5,over,,,,,,,-182,1,0,,0,PASS,false,false,L
327,2026-09-23 01:24:15.835+00,2026-09-23 01:40:00+00,doJ3OwfigTEzDZ1TE5sP,824953,OSWALD_PERAZA_1_MLB,batting_hits,0.5,under,,,,,,,,0,0,,0,PASS,true,false,W
330,2026-09-23 01:24:15.835+00,2026-09-23 01:40:00+00,doJ3OwfigTEzDZ1TE5sP,824953,BRYCE_TEODOSIO_1_MLB,batting_hits,0.5,over,,,,,0.5422,,-137,4,2,,0,PASS,false,false,L
331,2026-09-23 01:24:15.835+00,2026-09-23 01:40:00+00,doJ3OwfigTEzDZ1TE5sP,824953,BRYCE_TEODOSIO_1_MLB,batting_hits,0.5,under,,,,,0.4578,,105,2,2,,0,PASS,true,false,W
332,2026-09-23 01:24:15.835+00,2026-09-23 01:40:00+00,doJ3OwfigTEzDZ1TE5sP,824953,DENZEL_CLARKE_1_MLB,batting_hits,0.5,over,,,,,0.5092,,-107,4,2,,0,PASS,false,false,L
333,2026-09-23 01:24:15.835+00,2026-09-23 01:40:00+00,doJ3OwfigTEzDZ1TE5sP,824953,DENZEL_CLARKE_1_MLB,batting_hits,0.5,under,,,,,0.4908,,100,2,2,,0,PASS,true,false,W
334,2026-09-23 01:24:15.835+00,2026-09-23 01:40:00+00,doJ3OwfigTEzDZ1TE5sP,824953,JEFF_MCNEIL_1_MLB,batting_hits,0.5,over,,,,,,,-200,1,0,,0,PASS,false,false,L
335,2026-09-23 01:24:15.835+00,2026-09-23 01:40:00+00,doJ3OwfigTEzDZ1TE5sP,824953,JEFF_MCNEIL_1_MLB,batting_hits,0.5,under,,,,,,,,0,0,,0,PASS,true,false,W
336,2026-09-23 01:24:15.835+00,2026-09-23 01:40:00+00,doJ3OwfigTEzDZ1TE5sP,824953,BRYCE_TEODOSIO_1_MLB,batting_totalBases,0.5,over,,,,,0.5412,,-136,2,2,,0,PASS,false,false,L
337,2026-09-23 01:24:15.835+00,2026-09-23 01:40:00+00,doJ3OwfigTEzDZ1TE5sP,824953,BRYCE_TEODOSIO_1_MLB,batting_totalBases,0.5,under,,,,,0.4588,,105,2,2,,0,PASS,true,false,W
338,2026-09-23 01:24:15.835+00,2026-09-23 01:40:00+00,doJ3OwfigTEzDZ1TE5sP,824953,BRYCE_TEODOSIO_1_MLB,batting_totalBases,1.5,over,,,,,,,214,2,0,,0,PASS,false,false,L
339,2026-09-23 01:24:15.835+00,2026-09-23 01:40:00+00,doJ3OwfigTEzDZ1TE5sP,824953,BRYCE_TEODOSIO_1_MLB,batting_totalBases,1.5,under,,,,,,,,0,0,,0,PASS,true,false,W
340,2026-09-23 01:24:15.835+00,2026-09-23 01:40:00+00,doJ3OwfigTEzDZ1TE5sP,824953,DENZEL_CLARKE_1_MLB,batting_totalBases,0.5,over,,,,,0.5253,,-124,2,2,,0,PASS,false,false,L
341,2026-09-23 01:24:15.835+00,2026-09-23 01:40:00+00,doJ3OwfigTEzDZ1TE5sP,824953,DENZEL_CLARKE_1_MLB,batting_totalBases,0.5,under,,,,,0.4747,,100,2,2,,0,PASS,true,false,W
342,2026-09-23 01:24:15.835+00,2026-09-23 01:40:00+00,doJ3OwfigTEzDZ1TE5sP,824953,DENZEL_CLARKE_1_MLB,batting_totalBases,1.5,over,,,,,,,270,2,0,,0,PASS,false,false,L
343,2026-09-23 01:24:15.835+00,2026-09-23 01:40:00+00,doJ3OwfigTEzDZ1TE5sP,824953,DENZEL_CLARKE_1_MLB,batting_totalBases,1.5,under,,,,,,,,0,0,,0,PASS,true,false,W
398,2026-09-23 01:25:00.701+00,2026-09-23 01:40:00+00,1jdR9YYTS2E4PjT6AXsm,823089,RANDY_AROZARENA_1_MLB,batting_hits,0.5,over,1.146,0.741,0.6814,0,0.5705,11.08,-155,4,2,12.1,1,PLAY,false,false,L
399,2026-09-23 01:25:00.701+00,2026-09-23 01:40:00+00,1jdR9YYTS2E4PjT6AXsm,823089,RANDY_AROZARENA_1_MLB,batting_totalBases,0.5,over,1.973,0.741,0.6808,0,0.5688,11.19,-155,2,2,12,1,PLAY,false,false,L
400,2026-09-23 01:25:00.701+00,2026-09-23 01:40:00+00,1jdR9YYTS2E4PjT6AXsm,823089,DOMINIC_CANZONE_1_MLB,batting_totalBases,1.5,over,2.036,0.4907,0.4577,0,0.3963,6.13,143,3,1,11.21,1,PLAY,false,false,L
401,2026-09-23 01:25:00.701+00,2026-09-23 01:40:00+00,1jdR9YYTS2E4PjT6AXsm,823089,DOMINIC_CANZONE_1_MLB,batting_hits,0.5,over,1.097,0.721,0.68,0,0.6038,7.61,-170,4,2,8,1,PLAY,true,false,W
402,2026-09-23 01:25:00.701+00,2026-09-23 01:40:00+00,1jdR9YYTS2E4PjT6AXsm,823089,JOSH_NAYLOR_1_MLB,batting_hits,0.5,over,1.092,0.7207,0.6786,0,0.6003,7.82,-170,4,2,7.77,1,PLAY,false,false,L
403,2026-09-23 01:25:00.701+00,2026-09-23 01:40:00+00,1jdR9YYTS2E4PjT6AXsm,823089,YORDAN_ALVAREZ_1_MLB,batting_hits,0.5,over,1.139,0.739,0.6958,0,0.6154,8.03,-190,4,2,6.19,1,PLAY,true,false,W
404,2026-09-23 01:25:00.701+00,2026-09-23 01:40:00+00,1jdR9YYTS2E4PjT6AXsm,823089,JEREMY_PENA_1_MLB,batting_hits,0.5,over,1.143,0.7315,0.6951,0,0.6274,6.77,-190,4,2,6.09,0.912,PLAY,true,false,W
405,2026-09-23 01:25:00.701+00,2026-09-23 01:40:00+00,doJ3OwfigTEzDZ1TE5sP,824953,BRADY_BASSO_1_MLB,pitching_strikeouts,3.5,over,6.239,0.8689,0.7208,0,0.4458,27.5,115,4,4,54.97,0.333,PASS,false,false,L
406,2026-09-23 01:25:00.701+00,2026-09-23 01:40:00+00,1jdR9YYTS2E4PjT6AXsm,823089,RANDY_AROZARENA_1_MLB,batting_totalBases,1.5,over,1.973,0.4816,0.4816,0,,,166,2,0,28.09,1,PASS,false,false,L
407,2026-09-23 01:25:00.701+00,2026-09-23 01:40:00+00,1jdR9YYTS2E4PjT6AXsm,823089,CRISTIAN_JAVIER_1_MLB,pitching_strikeouts,4.5,over,5.568,0.6529,0.5869,0,0.4641,12.27,106,4,4,20.89,0.611,PASS,false,false,L
410,2026-09-23 01:25:00.701+00,2026-09-23 01:40:00+00,1jdR9YYTS2E4PjT6AXsm,823089,TAYLOR_TRAMMELL_1_MLB,batting_totalBases,1.5,over,1.317,0.3234,0.3234,0,,,263,2,0,17.4,0.546,PASS,false,false,L
411,2026-09-23 01:25:00.701+00,2026-09-23 01:40:00+00,doJ3OwfigTEzDZ1TE5sP,824953,ALIKA_WILLIAMS_1_MLB,batting_totalBases,1.5,over,1.587,0.4198,0.4198,0,,,175,2,0,15.46,0.446,PASS,true,false,W
413,2026-09-23 01:25:00.701+00,2026-09-23 01:40:00+00,1jdR9YYTS2E4PjT6AXsm,823089,TAYLOR_TRAMMELL_1_MLB,batting_hits,0.5,over,0.786,0.5843,0.5336,0,0.4393,9.43,115,4,2,14.72,0.546,PASS,false,false,L
416,2026-09-23 01:25:00.701+00,2026-09-23 01:40:00+00,1jdR9YYTS2E4PjT6AXsm,823089,TAYLOR_TRAMMELL_1_MLB,batting_totalBases,0.5,over,1.317,0.5801,0.5293,0,0.435,9.43,115,2,2,13.81,0.546,PASS,false,false,L
419,2026-09-23 01:25:00.701+00,2026-09-23 01:40:00+00,1jdR9YYTS2E4PjT6AXsm,823089,JOSE_ALTUVE_1_MLB,batting_totalBases,1.5,over,1.57,0.3928,0.3928,0,,,185,2,0,11.96,1,PASS,true,false,W
420,2026-09-23 01:25:00.701+00,2026-09-23 01:40:00+00,1jdR9YYTS2E4PjT6AXsm,823089,BRICE_MATTHEWS_1_MLB,batting_totalBases,1.5,over,1.258,0.3008,0.3008,0,,,272,2,0,11.9,0.46,PASS,false,false,L
421,2026-09-23 01:25:00.701+00,2026-09-23 01:40:00+00,1jdR9YYTS2E4PjT6AXsm,823089,BRICE_MATTHEWS_1_MLB,batting_hits,0.5,over,0.78,0.5816,0.5361,0,0.4515,8.45,107,3,1,10.96,0.46,PASS,true,false,W
422,2026-09-23 01:25:00.701+00,2026-09-23 01:40:00+00,1jdR9YYTS2E4PjT6AXsm,823089,YORDAN_ALVAREZ_1_MLB,batting_totalBases,1.5,over,2.17,0.5007,0.4706,0,0.4147,5.59,135,4,3,10.58,1,PASS,true,false,W
423,2026-09-23 01:25:00.701+00,2026-09-23 01:40:00+00,1jdR9YYTS2E4PjT6AXsm,823089,JOSH_NAYLOR_1_MLB,batting_totalBases,1.5,over,1.461,0.3882,0.3882,0,,,184,2,0,10.25,1,PASS,false,false,L
426,2026-09-23 01:25:00.701+00,2026-09-23 01:40:00+00,1jdR9YYTS2E4PjT6AXsm,823089,JP_CRAWFORD_1_MLB,batting_totalBases,1.5,over,1.454,0.3488,0.3488,0,,,207,2,0,7.09,0.934,PASS,false,false,L
427,2026-09-23 01:25:00.701+00,2026-09-23 01:40:00+00,1jdR9YYTS2E4PjT6AXsm,823089,ISAAC_PAREDES_1_MLB,batting_totalBases,1.5,over,1.615,0.3951,0.3951,0,,,170,2,0,6.68,1,PASS,true,false,W
428,2026-09-23 01:25:00.701+00,2026-09-23 01:40:00+00,1jdR9YYTS2E4PjT6AXsm,823089,ISAAC_PAREDES_1_MLB,batting_hits,0.5,over,0.966,0.6693,0.6394,0,0.5838,5.56,-150,4,2,6.56,1,PASS,true,false,W
429,2026-09-23 01:25:00.701+00,2026-09-23 01:40:00+00,doJ3OwfigTEzDZ1TE5sP,824953,JOSE_SIRI_1_MLB,batting_hits,0.5,over,1.006,0.6865,0.6565,0,0.6009,5.56,-161,4,2,6.43,0.47,PASS,true,false,W
431,2026-09-23 01:25:00.701+00,2026-09-23 01:40:00+00,1jdR9YYTS2E4PjT6AXsm,823089,COLE_YOUNG_1_MLB,batting_totalBases,1.5,over,1.512,0.3694,0.3694,0,,,187,2,0,6.03,1,PASS,false,false,L
433,2026-09-23 01:25:00.701+00,2026-09-23 01:40:00+00,1jdR9YYTS2E4PjT6AXsm,823089,JP_CRAWFORD_1_MLB,batting_hits,0.5,over,0.917,0.6473,0.6185,0,0.565,5.35,-141,4,2,5.71,0.934,PASS,false,false,L
436,2026-09-23 01:25:00.701+00,2026-09-23 01:40:00+00,1jdR9YYTS2E4PjT6AXsm,823089,JULIO_RODRIGUEZ_1_MLB,batting_totalBases,1.5,over,1.632,0.4013,0.4013,0,,,163,2,0,5.55,1,PASS,true,false,W
437,2026-09-23 01:25:00.701+00,2026-09-23 01:40:00+00,1jdR9YYTS2E4PjT6AXsm,823089,JEREMY_PENA_1_MLB,batting_totalBases,1.5,over,1.949,0.4655,0.4394,0,0.3908,4.85,140,3,2,5.45,0.912,PASS,false,false,L
439,2026-09-23 01:25:00.701+00,2026-09-23 01:40:00+00,1jdR9YYTS2E4PjT6AXsm,823089,JULIO_RODRIGUEZ_1_MLB,batting_totalBases,0.5,over,1.632,0.6846,0.6482,0,0.5807,6.75,-160,2,2,5.34,1,PASS,true,false,W
441,2026-09-23 01:25:00.701+00,2026-09-23 01:40:00+00,1jdR9YYTS2E4PjT6AXsm,823089,COLE_YOUNG_1_MLB,batting_hits,0.5,over,0.963,0.6685,0.6313,0,0.5623,6.9,-150,4,2,5.22,1,PASS,true,false,W
442,2026-09-23 01:25:00.701+00,2026-09-23 01:40:00+00,1jdR9YYTS2E4PjT6AXsm,823089,COLE_YOUNG_1_MLB,batting_totalBases,0.5,over,1.512,0.6685,0.6311,0,0.5617,6.94,-150,2,2,5.18,1,PASS,true,false,W
443,2026-09-23 01:25:00.701+00,2026-09-23 01:40:00+00,1jdR9YYTS2E4PjT6AXsm,823089,JEREMY_PENA_1_MLB,batting_totalBases,0.5,over,1.949,0.7309,0.689,0,0.6113,7.77,-190,1,1,5.16,0.912,PASS,true,false,W
444,2026-09-23 01:25:00.701+00,2026-09-23 01:40:00+00,1jdR9YYTS2E4PjT6AXsm,823089,JULIO_RODRIGUEZ_1_MLB,batting_hits,0.5,over,1.002,0.6846,0.647,0,0.5771,6.98,-160,4,2,5.13,1,PASS,true,false,W
447,2026-09-23 01:25:00.701+00,2026-09-23 01:40:00+00,1jdR9YYTS2E4PjT6AXsm,823089,DOMINIC_CANZONE_1_MLB,batting_totalBases,0.5,over,2.036,0.721,0.68,0,0.604,7.6,-185,1,1,4.76,1,PASS,true,false,W
452,2026-09-23 01:25:00.701+00,2026-09-23 01:40:00+00,1jdR9YYTS2E4PjT6AXsm,823089,JOSH_NAYLOR_1_MLB,batting_totalBases,0.5,over,1.461,0.7207,0.6826,0,0.6118,7.08,-190,2,2,4.18,1,PASS,false,false,L
458,2026-09-23 01:25:00.701+00,2026-09-23 01:40:00+00,doJ3OwfigTEzDZ1TE5sP,824953,ALIKA_WILLIAMS_1_MLB,batting_hits,0.5,over,0.992,0.6808,0.6488,0,0.5893,5.95,-167,4,2,3.73,0.446,PASS,true,false,W
464,2026-09-23 01:25:00.701+00,2026-09-23 01:40:00+00,1jdR9YYTS2E4PjT6AXsm,823089,ISAAC_PAREDES_1_MLB,batting_totalBases,0.5,over,1.615,0.6693,0.6382,0,0.5805,5.78,-162,2,2,3.22,1,PASS,true,false,W
465,2026-09-23 01:25:00.701+00,2026-09-23 01:40:00+00,1jdR9YYTS2E4PjT6AXsm,823089,JOSE_ALTUVE_1_MLB,batting_hits,0.5,over,0.973,0.6706,0.6399,0,0.583,5.7,-164,4,2,3.01,1,PASS,true,false,W
467,2026-09-23 01:25:00.701+00,2026-09-23 01:40:00+00,1jdR9YYTS2E4PjT6AXsm,823089,JOSE_ALTUVE_1_MLB,batting_totalBases,0.5,over,1.57,0.6706,0.6406,0,0.5849,5.57,-165,2,2,2.88,1,PASS,true,false,W
471,2026-09-23 01:25:00.701+00,2026-09-23 01:40:00+00,1jdR9YYTS2E4PjT6AXsm,823089,YAINER_DIAZ_1_MLB,batting_hits,0.5,over,1.063,0.7059,0.683,0,0.6403,4.27,-200,4,2,2.44,0.666,PASS,true,false,W
472,2026-09-23 01:25:00.701+00,2026-09-23 01:40:00+00,doJ3OwfigTEzDZ1TE5sP,824953,ZACK_GELOF_1_MLB,batting_hits,0.5,over,1.062,0.7077,0.6812,0,0.632,4.92,-199,4,2,2.35,0.82,PASS,true,false,W
473,2026-09-23 01:25:00.701+00,2026-09-23 01:40:00+00,doJ3OwfigTEzDZ1TE5sP,824953,ZACK_GELOF_1_MLB,batting_totalBases,1.5,over,1.877,0.4436,0.4334,0,0.4146,1.89,136,4,3,2.29,0.82,PASS,true,false,W
474,2026-09-23 01:25:00.701+00,2026-09-23 01:40:00+00,doJ3OwfigTEzDZ1TE5sP,824953,ALIKA_WILLIAMS_1_MLB,batting_totalBases,0.5,over,1.587,0.6762,0.6473,0,0.5936,5.37,-173,2,2,2.14,0.446,PASS,true,false,W
475,2026-09-23 01:25:00.701+00,2026-09-23 01:40:00+00,1jdR9YYTS2E4PjT6AXsm,823089,CHRISTIAN_WALKER_1_MLB,batting_totalBases,0.5,over,1.506,0.5992,0.5749,0,0.5298,4.51,-129,2,2,2.06,1,PASS,true,false,W
477,2026-09-23 01:25:00.701+00,2026-09-23 01:40:00+00,doJ3OwfigTEzDZ1TE5sP,824953,JOSE_SIRI_1_MLB,batting_totalBases,1.5,over,1.662,0.4095,0.4086,0,0.4069,0.17,149,4,2,1.75,0.47,PASS,true,false,W
478,2026-09-23 01:25:00.701+00,2026-09-23 01:40:00+00,doJ3OwfigTEzDZ1TE5sP,824953,VAUGHN_GRISSOM_1_MLB,batting_hits,1.5,under,1.035,0.7235,0.6992,0,0.6542,4.5,-220,2,2,1.71,0.892,PASS,false,false,L
479,2026-09-23 01:25:00.701+00,2026-09-23 01:40:00+00,doJ3OwfigTEzDZ1TE5sP,824953,ZACHARY_NETO_1_MLB,batting_hits,1.5,under,1.072,0.7077,0.6884,0,0.6526,3.58,-210,2,2,1.62,1,PASS,true,false,W
480,2026-09-23 01:25:00.701+00,2026-09-23 01:40:00+00,doJ3OwfigTEzDZ1TE5sP,824953,WADE_MECKLER_1_MLB,batting_hits,0.5,over,1.086,0.72,0.6957,0,0.6505,4.52,-218,4,2,1.48,0.624,PASS,true,false,W
482,2026-09-23 01:25:00.701+00,2026-09-23 01:40:00+00,doJ3OwfigTEzDZ1TE5sP,824953,TOMMY_WHITE_1_MLB,batting_totalBases,1.5,over,1.575,0.3981,0.3969,0,0.3945,0.24,155,4,3,1.2,0.364,PASS,true,false,W
483,2026-09-23 01:25:00.701+00,2026-09-23 01:40:00+00,1jdR9YYTS2E4PjT6AXsm,823089,YAINER_DIAZ_1_MLB,batting_totalBases,0.5,over,1.695,0.7033,0.6742,0,0.6203,5.4,-200,1,1,1.14,0.666,PASS,true,false,W
485,2026-09-23 01:25:00.701+00,2026-09-23 01:40:00+00,doJ3OwfigTEzDZ1TE5sP,824953,YUSEI_KIKUCHI_1_MLB,pitching_strikeouts,5.5,under,4.894,0.6346,0.6158,0,0.5807,3.5,-157,3,3,0.8,0.667,PASS,true,false,W
486,2026-09-23 01:25:00.701+00,2026-09-23 01:40:00+00,1jdR9YYTS2E4PjT6AXsm,823089,JP_CRAWFORD_1_MLB,batting_totalBases,0.5,over,1.454,0.6467,0.6267,0,0.5896,3.71,-165,2,2,0.65,0.934,PASS,false,false,L
487,2026-09-23 01:25:00.701+00,2026-09-23 01:40:00+00,1jdR9YYTS2E4PjT6AXsm,823089,CHRISTIAN_WALKER_1_MLB,batting_hits,0.5,over,0.817,0.5992,0.5779,0,0.5383,3.96,-135,4,2,0.6,1,PASS,true,false,W
490,2026-09-23 01:25:00.701+00,2026-09-23 01:40:00+00,1jdR9YYTS2E4PjT6AXsm,823089,CHRISTIAN_WALKER_1_MLB,batting_totalBases,1.5,over,1.506,0.3609,0.3609,0,,,178,2,0,0.32,1,PASS,true,false,W
492,2026-09-23 01:25:00.701+00,2026-09-23 01:40:00+00,1jdR9YYTS2E4PjT6AXsm,823089,CAL_RALEIGH_1_MLB,batting_hits,0.5,over,0.718,0.5474,0.5359,0,0.5145,2.14,-115,4,2,0.18,1,PASS,false,false,L
496,2026-09-23 01:25:00.701+00,2026-09-23 01:40:00+00,1jdR9YYTS2E4PjT6AXsm,823089,CAL_RALEIGH_1_MLB,batting_totalBases,0.5,over,1.482,0.5474,0.5299,0,0.4975,3.24,-113,2,2,-0.11,1,PASS,false,false,L
497,2026-09-23 01:25:00.701+00,2026-09-23 01:40:00+00,1jdR9YYTS2E4PjT6AXsm,823089,YAINER_DIAZ_1_MLB,batting_totalBases,1.5,over,1.695,0.4171,0.4074,0,0.3894,1.8,145,3,2,-0.18,0.666,PASS,true,false,W
499,2026-09-23 01:25:00.701+00,2026-09-23 01:40:00+00,doJ3OwfigTEzDZ1TE5sP,824953,MIKE_TROUT_1_MLB,batting_totalBases,1.5,under,1.693,0.5863,0.5699,0,0.5395,3.04,-134,3,3,-0.48,1,PASS,false,false,L
501,2026-09-23 01:25:00.701+00,2026-09-23 01:40:00+00,doJ3OwfigTEzDZ1TE5sP,824953,WADE_MECKLER_1_MLB,batting_totalBases,1.5,over,1.504,0.4017,0.3925,0,0.3753,1.72,153,4,3,-0.7,0.624,PASS,true,false,W
502,2026-09-23 01:25:00.701+00,2026-09-23 01:40:00+00,doJ3OwfigTEzDZ1TE5sP,824953,ZACHARY_NETO_1_MLB,batting_totalBases,1.5,under,1.956,0.5318,0.5195,0,0.4967,2.28,-110,3,3,-0.82,1,PASS,true,false,W
505,2026-09-23 01:25:00.701+00,2026-09-23 01:40:00+00,doJ3OwfigTEzDZ1TE5sP,824953,MIKE_TROUT_1_MLB,batting_hits,1.5,under,0.973,0.7498,0.7267,0,0.6839,4.28,-275,1,1,-0.9,1,PASS,false,false,L
506,2026-09-23 01:25:00.701+00,2026-09-23 01:40:00+00,doJ3OwfigTEzDZ1TE5sP,824953,CHRISTIAN_MOORE_1_MLB,batting_totalBases,1.5,under,1.408,0.6477,0.6306,0,0.5989,3.17,-175,2,2,-0.91,0.244,PASS,false,false,L
509,2026-09-23 01:25:00.701+00,2026-09-23 01:40:00+00,doJ3OwfigTEzDZ1TE5sP,824953,CHRISTIAN_MOORE_1_MLB,batting_hits,0.5,over,0.91,0.6449,0.6333,0,0.6118,2.15,-178,4,2,-1.09,0.244,PASS,true,false,W
511,2026-09-23 01:25:00.701+00,2026-09-23 01:40:00+00,doJ3OwfigTEzDZ1TE5sP,824953,DENZER_GUZMAN_1_MLB,batting_totalBases,1.5,under,1.613,0.5971,0.5825,0,0.5553,2.71,-144,3,3,-1.31,0.562,PASS,false,false,L
512,2026-09-23 01:25:00.701+00,2026-09-23 01:40:00+00,doJ3OwfigTEzDZ1TE5sP,824953,SHEA_LANGELIERS_1_MLB,batting_totalBases,1.5,under,2.066,0.5171,0.5099,0,0.4967,1.33,-107,3,3,-1.35,0.882,PASS,false,false,L
513,2026-09-23 01:25:00.701+00,2026-09-23 01:40:00+00,doJ3OwfigTEzDZ1TE5sP,824953,LAWRENCE_BUTLER_1_MLB,batting_hits,0.5,over,0.944,0.6594,0.6459,0,0.6207,2.52,-190,4,2,-1.42,1,PASS,true,false,W
514,2026-09-23 01:25:00.701+00,2026-09-23 01:40:00+00,doJ3OwfigTEzDZ1TE5sP,824953,DENZER_GUZMAN_1_MLB,batting_hits,1.5,under,1.048,0.718,0.7034,0,0.6761,2.72,-250,2,2,-1.53,0.562,PASS,true,false,W
515,2026-09-23 01:25:00.701+00,2026-09-23 01:40:00+00,doJ3OwfigTEzDZ1TE5sP,824953,HENRY_BOLTE_1_MLB,batting_hits,0.5,over,1.163,0.7436,0.7214,0,0.6802,4.12,-275,1,1,-1.63,0.89,PASS,true,false,W
516,2026-09-23 01:25:00.701+00,2026-09-23 01:40:00+00,1jdR9YYTS2E4PjT6AXsm,823089,LOGAN_GILBERT_1_MLB,pitching_strikeouts,6.5,over,6.35,0.4497,0.445,0,0.4364,0.86,121,3,3,-1.65,1,PASS,false,false,L
518,2026-09-23 01:25:00.701+00,2026-09-23 01:40:00+00,doJ3OwfigTEzDZ1TE5sP,824953,TOMMY_WHITE_1_MLB,batting_hits,0.5,over,1.061,0.7049,0.6887,0,0.6586,3.01,-235,3,1,-1.83,0.364,PASS,true,false,W
520,2026-09-23 01:25:00.701+00,2026-09-23 01:40:00+00,doJ3OwfigTEzDZ1TE5sP,824953,LAWRENCE_BUTLER_1_MLB,batting_totalBases,0.5,over,1.592,0.6594,0.6426,0,0.6113,3.13,-190,1,1,-1.92,1,PASS,true,false,W
523,2026-09-23 01:25:00.701+00,2026-09-23 01:40:00+00,1jdR9YYTS2E4PjT6AXsm,823089,CAM_SMITH_1_MLB,batting_hits,0.5,under,0.733,0.444,0.4414,0,0.4366,0.48,122,2,2,-2.01,1,PASS,false,false,L
524,2026-09-23 01:25:00.701+00,2026-09-23 01:40:00+00,doJ3OwfigTEzDZ1TE5sP,824953,VAUGHN_GRISSOM_1_MLB,batting_totalBases,1.5,under,1.669,0.5736,0.5628,0,0.5428,2,-135,3,3,-2.03,0.892,PASS,false,false,L
528,2026-09-23 01:25:00.701+00,2026-09-23 01:40:00+00,doJ3OwfigTEzDZ1TE5sP,824953,SHEA_LANGELIERS_1_MLB,batting_hits,1.5,under,1.142,0.678,0.6737,0,0.6657,0.8,-223,2,2,-2.42,0.882,PASS,false,false,L
529,2026-09-23 01:25:00.701+00,2026-09-23 01:40:00+00,doJ3OwfigTEzDZ1TE5sP,824953,MOISES_BALLESTEROS_1_MLB,batting_totalBases,1.5,under,1.522,0.6249,0.6189,0,0.6077,1.12,-175,3,3,-2.75,0.664,PASS,true,false,W
533,2026-09-23 01:25:00.701+00,2026-09-23 01:40:00+00,doJ3OwfigTEzDZ1TE5sP,824953,MOISES_BALLESTEROS_1_MLB,batting_hits,0.5,over,0.972,0.6716,0.6642,0,0.6505,1.37,-218,4,2,-3.11,0.664,PASS,true,false,W
535,2026-09-23 01:25:00.701+00,2026-09-23 01:40:00+00,doJ3OwfigTEzDZ1TE5sP,824953,HENRY_BOLTE_1_MLB,batting_totalBases,1.5,under,1.704,0.5684,0.5647,0,0.558,0.68,-140,3,3,-3.19,0.89,PASS,false,false,L
536,2026-09-23 01:25:00.701+00,2026-09-23 01:40:00+00,doJ3OwfigTEzDZ1TE5sP,824953,YUSEI_KIKUCHI_1_MLB,pitching_strikeouts,4.5,under,4.894,0.4593,0.4503,0,0.4335,1.68,115,1,1,-3.19,0.667,PASS,true,false,W
539,2026-09-23 01:25:00.701+00,2026-09-23 01:40:00+00,1jdR9YYTS2E4PjT6AXsm,823089,LOGAN_GILBERT_1_MLB,pitching_strikeouts,5.5,over,6.35,0.6087,0.6008,0,0.5862,1.47,-164,1,1,-3.28,1,PASS,false,false,L
541,2026-09-23 01:25:00.701+00,2026-09-23 01:40:00+00,doJ3OwfigTEzDZ1TE5sP,824953,TOMMY_WHITE_1_MLB,batting_totalBases,1.5,under,1.575,0.6019,0.6031,0,0.6055,-0.24,-166,3,3,-3.35,0.364,PASS,false,false,L
544,2026-09-23 01:25:00.701+00,2026-09-23 01:40:00+00,doJ3OwfigTEzDZ1TE5sP,824953,SHEA_LANGELIERS_1_MLB,batting_hits,1.5,over,1.142,0.322,0.3263,0,0.3343,-0.8,195,4,2,-3.74,0.882,PASS,true,false,W
545,2026-09-23 01:25:00.701+00,2026-09-23 01:40:00+00,doJ3OwfigTEzDZ1TE5sP,824953,TOMMY_WHITE_1_MLB,batting_hits,1.5,under,1.061,0.7127,0.704,0,0.688,1.6,-274,1,1,-3.9,0.364,PASS,false,false,L
548,2026-09-23 01:25:00.701+00,2026-09-23 01:40:00+00,1jdR9YYTS2E4PjT6AXsm,823089,CAM_SMITH_1_MLB,batting_hits,0.5,over,0.733,0.556,0.5586,0,0.5634,-0.48,-140,4,2,-4.24,1,PASS,true,false,W
549,2026-09-23 01:25:00.701+00,2026-09-23 01:40:00+00,doJ3OwfigTEzDZ1TE5sP,824953,HENRY_BOLTE_1_MLB,batting_totalBases,1.5,over,1.704,0.4316,0.4353,0,0.442,-0.68,120,4,3,-4.24,0.89,PASS,true,false,W
550,2026-09-23 01:25:00.701+00,2026-09-23 01:40:00+00,1jdR9YYTS2E4PjT6AXsm,823089,CAM_SMITH_1_MLB,batting_totalBases,0.5,over,1.365,0.556,0.5515,0,0.543,0.84,-136,2,2,-4.3,1,PASS,true,false,W
552,2026-09-23 01:25:00.701+00,2026-09-23 01:40:00+00,doJ3OwfigTEzDZ1TE5sP,824953,HENRY_BOLTE_1_MLB,batting_hits,1.5,over,1.163,0.3314,0.3298,0,0.3269,0.3,190,3,1,-4.35,0.89,PASS,false,false,L
559,2026-09-23 01:25:00.701+00,2026-09-23 01:40:00+00,doJ3OwfigTEzDZ1TE5sP,824953,MIKE_TROUT_1_MLB,batting_hits,0.5,under,0.973,0.3268,0.3246,0,0.3205,0.42,193,1,1,-4.89,1,PASS,false,false,L
560,2026-09-23 01:25:00.701+00,2026-09-23 01:40:00+00,doJ3OwfigTEzDZ1TE5sP,824953,JONAH_HEIM_1_MLB,batting_hits,0.5,over,0.858,0.6198,0.6173,0,0.6125,0.48,-185,4,2,-4.91,0.746,PASS,false,false,L
561,2026-09-23 01:25:00.701+00,2026-09-23 01:40:00+00,doJ3OwfigTEzDZ1TE5sP,824953,LAWRENCE_BUTLER_1_MLB,batting_totalBases,1.5,under,1.592,0.6171,0.6137,0,0.6072,0.64,-182,2,2,-4.92,1,PASS,false,false,L
564,2026-09-23 01:25:00.701+00,2026-09-23 01:40:00+00,doJ3OwfigTEzDZ1TE5sP,824953,JONAH_HEIM_1_MLB,batting_totalBases,1.5,under,1.498,0.6274,0.6217,0,0.6113,1.05,-190,1,1,-5.1,0.746,PASS,true,false,W
568,2026-09-23 01:25:00.701+00,2026-09-23 01:40:00+00,doJ3OwfigTEzDZ1TE5sP,824953,CHRISTIAN_MOORE_1_MLB,batting_totalBases,1.5,over,1.408,0.3523,0.3694,0,0.4011,-3.17,156,4,2,-5.43,0.244,PASS,true,false,W
569,2026-09-23 01:25:00.701+00,2026-09-23 01:40:00+00,doJ3OwfigTEzDZ1TE5sP,824953,JONAH_HEIM_1_MLB,batting_totalBases,1.5,over,1.498,0.3726,0.3783,0,0.3887,-1.05,150,3,1,-5.43,0.746,PASS,false,false,L
571,2026-09-23 01:25:00.701+00,2026-09-23 01:40:00+00,doJ3OwfigTEzDZ1TE5sP,824953,MIKE_TROUT_1_MLB,batting_hits,0.5,over,0.973,0.6732,0.6754,0,0.6795,-0.42,-250,3,1,-5.44,1,PASS,true,false,W
572,2026-09-23 01:25:00.701+00,2026-09-23 01:40:00+00,doJ3OwfigTEzDZ1TE5sP,824953,JONAH_HEIM_1_MLB,batting_hits,0.5,under,0.858,0.3802,0.3827,0,0.3875,-0.48,147,2,2,-5.47,0.746,PASS,true,false,W
574,2026-09-23 01:25:00.701+00,2026-09-23 01:40:00+00,doJ3OwfigTEzDZ1TE5sP,824953,JONAH_HEIM_1_MLB,batting_totalBases,0.5,over,1.498,0.6174,0.6127,0,0.604,0.87,-185,1,1,-5.61,0.746,PASS,false,false,L
575,2026-09-23 01:25:00.701+00,2026-09-23 01:40:00+00,1jdR9YYTS2E4PjT6AXsm,823089,LOGAN_GILBERT_1_MLB,pitching_strikeouts,6.5,under,6.35,0.5503,0.555,0,0.5636,-0.86,-145,3,3,-6.23,1,PASS,true,false,W
576,2026-09-23 01:25:00.701+00,2026-09-23 01:40:00+00,doJ3OwfigTEzDZ1TE5sP,824953,MOISES_BALLESTEROS_1_MLB,batting_totalBases,1.5,over,1.522,0.3751,0.3811,0,0.3923,-1.12,146,4,3,-6.25,0.664,PASS,false,false,L
578,2026-09-23 01:25:00.701+00,2026-09-23 01:40:00+00,doJ3OwfigTEzDZ1TE5sP,824953,SHEA_LANGELIERS_1_MLB,batting_totalBases,1.5,over,2.066,0.4829,0.4901,0,0.5033,-1.33,-110,4,3,-6.44,0.882,PASS,true,false,W
580,2026-09-23 01:25:00.701+00,2026-09-23 01:40:00+00,doJ3OwfigTEzDZ1TE5sP,824953,HENRY_BOLTE_1_MLB,batting_hits,1.5,under,1.163,0.6686,0.6702,0,0.6731,-0.3,-254,1,1,-6.6,0.89,PASS,true,false,W
582,2026-09-23 01:25:00.701+00,2026-09-23 01:40:00+00,doJ3OwfigTEzDZ1TE5sP,824953,JOSE_SIRI_1_MLB,batting_totalBases,1.5,under,1.662,0.5905,0.5914,0,0.5931,-0.17,-173,2,2,-6.68,0.47,PASS,false,false,L
583,2026-09-23 01:25:00.701+00,2026-09-23 01:40:00+00,doJ3OwfigTEzDZ1TE5sP,824953,LAWRENCE_BUTLER_1_MLB,batting_totalBases,1.5,over,1.592,0.3829,0.3863,0,0.3928,-0.64,141,3,2,-6.89,1,PASS,true,false,W
589,2026-09-23 01:25:00.701+00,2026-09-23 01:40:00+00,doJ3OwfigTEzDZ1TE5sP,824953,MOISES_BALLESTEROS_1_MLB,batting_hits,0.5,under,0.972,0.3284,0.3358,0,0.3495,-1.37,175,2,2,-7.65,0.664,PASS,false,false,L
592,2026-09-23 01:25:00.701+00,2026-09-23 01:40:00+00,doJ3OwfigTEzDZ1TE5sP,824953,ZACK_GELOF_1_MLB,batting_totalBases,1.5,under,1.877,0.5564,0.5666,0,0.5854,-1.89,-160,3,3,-7.93,0.82,PASS,false,false,L
593,2026-09-23 01:25:00.701+00,2026-09-23 01:40:00+00,1jdR9YYTS2E4PjT6AXsm,823089,CAM_SMITH_1_MLB,batting_totalBases,0.5,under,1.365,0.444,0.4485,0,0.457,-0.84,105,2,2,-8.05,1,PASS,false,false,L
594,2026-09-23 01:25:00.701+00,2026-09-23 01:40:00+00,1jdR9YYTS2E4PjT6AXsm,823089,CAL_RALEIGH_1_MLB,batting_hits,0.5,under,0.718,0.4526,0.4641,0,0.4855,-2.14,-102,2,2,-8.08,1,PASS,true,false,W
596,2026-09-23 01:25:00.701+00,2026-09-23 01:40:00+00,doJ3OwfigTEzDZ1TE5sP,824953,CHRISTIAN_MOORE_1_MLB,batting_hits,0.5,under,0.91,0.3551,0.3667,0,0.3882,-2.15,150,2,2,-8.33,0.244,PASS,false,false,L
598,2026-09-23 01:25:00.701+00,2026-09-23 01:40:00+00,1jdR9YYTS2E4PjT6AXsm,823089,YAINER_DIAZ_1_MLB,batting_totalBases,1.5,under,1.695,0.5829,0.5926,0,0.6106,-1.8,-184,2,2,-8.54,0.666,PASS,false,false,L
599,2026-09-23 01:25:00.701+00,2026-09-23 01:40:00+00,doJ3OwfigTEzDZ1TE5sP,824953,ZACHARY_NETO_1_MLB,batting_totalBases,1.5,over,1.956,0.4682,0.4805,0,0.5033,-2.28,-111,4,3,-8.66,1,PASS,false,false,L
600,2026-09-23 01:25:00.701+00,2026-09-23 01:40:00+00,1jdR9YYTS2E4PjT6AXsm,823089,CAM_SMITH_1_MLB,batting_totalBases,1.5,over,1.365,0.3201,0.3201,0,,,185,2,0,-8.78,1,PASS,true,false,W
602,2026-09-23 01:25:00.701+00,2026-09-23 01:40:00+00,doJ3OwfigTEzDZ1TE5sP,824953,WADE_MECKLER_1_MLB,batting_totalBases,1.5,under,1.504,0.5983,0.6075,0,0.6247,-1.72,-200,3,3,-8.87,0.624,PASS,false,false,L
603,2026-09-23 01:25:00.701+00,2026-09-23 01:40:00+00,1jdR9YYTS2E4PjT6AXsm,823089,LOGAN_GILBERT_1_MLB,pitching_strikeouts,5.5,under,6.35,0.3913,0.3992,0,0.4138,-1.47,128,1,1,-8.99,1,PASS,true,false,W
604,2026-09-23 01:25:00.701+00,2026-09-23 01:40:00+00,doJ3OwfigTEzDZ1TE5sP,824953,JONAH_HEIM_1_MLB,batting_totalBases,0.5,under,1.498,0.3826,0.3873,0,0.396,-0.87,135,1,1,-8.99,0.746,PASS,true,false,W
606,2026-09-23 01:25:00.701+00,2026-09-23 01:40:00+00,doJ3OwfigTEzDZ1TE5sP,824953,VAUGHN_GRISSOM_1_MLB,batting_totalBases,1.5,over,1.669,0.4264,0.4372,0,0.4572,-2,107,4,3,-9.5,0.892,PASS,true,false,W
607,2026-09-23 01:25:00.701+00,2026-09-23 01:40:00+00,doJ3OwfigTEzDZ1TE5sP,824953,YUSEI_KIKUCHI_1_MLB,pitching_strikeouts,4.5,over,4.894,0.5407,0.5497,0,0.5665,-1.68,-155,1,1,-9.56,0.667,PASS,false,false,L
608,2026-09-23 01:25:00.701+00,2026-09-23 01:40:00+00,doJ3OwfigTEzDZ1TE5sP,824953,ZACHARY_NETO_1_MLB,batting_hits,1.5,over,1.072,0.2923,0.3116,0,0.3474,-3.58,190,4,2,-9.64,1,PASS,false,false,L
612,2026-09-23 01:25:00.701+00,2026-09-23 01:40:00+00,doJ3OwfigTEzDZ1TE5sP,824953,LAWRENCE_BUTLER_1_MLB,batting_hits,0.5,under,0.944,0.3406,0.3541,0,0.3793,-2.52,153,2,2,-10.4,1,PASS,false,false,L
613,2026-09-23 01:25:00.701+00,2026-09-23 01:40:00+00,doJ3OwfigTEzDZ1TE5sP,824953,TOMMY_WHITE_1_MLB,batting_hits,1.5,over,1.061,0.2873,0.296,0,0.312,-1.6,201,1,1,-10.91,0.364,PASS,true,false,W
621,2026-09-23 01:25:00.701+00,2026-09-23 01:40:00+00,doJ3OwfigTEzDZ1TE5sP,824953,YUSEI_KIKUCHI_1_MLB,pitching_strikeouts,5.5,over,4.894,0.3654,0.3842,0,0.4193,-3.5,130,3,3,-11.62,0.667,PASS,false,false,L
622,2026-09-23 01:25:00.701+00,2026-09-23 01:40:00+00,doJ3OwfigTEzDZ1TE5sP,824953,MIKE_TROUT_1_MLB,batting_totalBases,1.5,over,1.693,0.4137,0.4301,0,0.4605,-3.04,105,4,3,-11.83,1,PASS,true,false,W
623,2026-09-23 01:25:00.701+00,2026-09-23 01:40:00+00,1jdR9YYTS2E4PjT6AXsm,823089,CAL_RALEIGH_1_MLB,batting_totalBases,0.5,under,1.482,0.4526,0.4701,0,0.5025,-3.24,-115,2,2,-12.11,1,PASS,true,false,W
624,2026-09-23 01:25:00.701+00,2026-09-23 01:40:00+00,doJ3OwfigTEzDZ1TE5sP,824953,DENZER_GUZMAN_1_MLB,batting_totalBases,1.5,over,1.613,0.4029,0.4175,0,0.4447,-2.71,110,4,3,-12.32,0.562,PASS,true,false,W
626,2026-09-23 01:25:00.701+00,2026-09-23 01:40:00+00,1jdR9YYTS2E4PjT6AXsm,823089,YAINER_DIAZ_1_MLB,batting_hits,0.5,under,1.063,0.2941,0.317,0,0.3597,-4.27,176,2,2,-12.49,0.666,PASS,false,false,L
627,2026-09-23 01:25:00.701+00,2026-09-23 01:40:00+00,doJ3OwfigTEzDZ1TE5sP,824953,DENZER_GUZMAN_1_MLB,batting_hits,1.5,over,1.048,0.282,0.2966,0,0.3239,-2.72,195,4,2,-12.5,0.562,PASS,false,false,L
628,2026-09-23 01:25:00.701+00,2026-09-23 01:40:00+00,1jdR9YYTS2E4PjT6AXsm,823089,CAL_RALEIGH_1_MLB,batting_totalBases,1.5,over,1.482,0.3412,0.3412,0,,,155,2,0,-12.99,1,PASS,false,false,L
631,2026-09-23 01:25:00.701+00,2026-09-23 01:40:00+00,1jdR9YYTS2E4PjT6AXsm,823089,JEREMY_PENA_1_MLB,batting_totalBases,1.5,under,1.949,0.5345,0.5606,0,0.6092,-4.85,-185,2,2,-13.63,0.912,PASS,true,false,W
632,2026-09-23 01:25:00.701+00,2026-09-23 01:40:00+00,1jdR9YYTS2E4PjT6AXsm,823089,YORDAN_ALVAREZ_1_MLB,batting_totalBases,1.5,under,2.17,0.4993,0.5294,0,0.5853,-5.59,-159,3,3,-13.76,1,PASS,false,false,L
633,2026-09-23 01:25:00.701+00,2026-09-23 01:40:00+00,1jdR9YYTS2E4PjT6AXsm,823089,JP_CRAWFORD_1_MLB,batting_totalBases,0.5,under,1.454,0.3533,0.3733,0,0.4104,-3.71,131,2,2,-13.76,0.934,PASS,true,false,W
634,2026-09-23 01:25:00.701+00,2026-09-23 01:40:00+00,1jdR9YYTS2E4PjT6AXsm,823089,CHRISTIAN_WALKER_1_MLB,batting_hits,0.5,under,0.817,0.4008,0.4221,0,0.4617,-3.96,104,2,2,-13.89,1,PASS,false,false,L
635,2026-09-23 01:25:00.701+00,2026-09-23 01:40:00+00,doJ3OwfigTEzDZ1TE5sP,824953,JOSE_SIRI_1_MLB,batting_hits,0.5,under,1.006,0.3135,0.3435,0,0.3991,-5.56,150,2,2,-14.14,0.47,PASS,false,false,L
636,2026-09-23 01:25:00.701+00,2026-09-23 01:40:00+00,1jdR9YYTS2E4PjT6AXsm,823089,JP_CRAWFORD_1_MLB,batting_hits,0.5,under,0.917,0.3527,0.3815,0,0.435,-5.35,125,2,2,-14.16,0.934,PASS,true,false,W
637,2026-09-23 01:25:00.701+00,2026-09-23 01:40:00+00,doJ3OwfigTEzDZ1TE5sP,824953,LAWRENCE_BUTLER_1_MLB,batting_totalBases,0.5,under,1.592,0.3406,0.3574,0,0.3887,-3.13,140,1,1,-14.22,1,PASS,false,false,L
639,2026-09-23 01:25:00.701+00,2026-09-23 01:40:00+00,doJ3OwfigTEzDZ1TE5sP,824953,VAUGHN_GRISSOM_1_MLB,batting_hits,1.5,over,1.035,0.2765,0.3008,0,0.3458,-4.5,185,4,2,-14.28,0.892,PASS,true,false,W
640,2026-09-23 01:25:00.701+00,2026-09-23 01:40:00+00,doJ3OwfigTEzDZ1TE5sP,824953,TOMMY_WHITE_1_MLB,batting_hits,0.5,under,1.061,0.2951,0.3113,0,0.3414,-3.01,175,1,1,-14.38,0.364,PASS,false,false,L
642,2026-09-23 01:25:00.701+00,2026-09-23 01:40:00+00,1jdR9YYTS2E4PjT6AXsm,823089,CHRISTIAN_WALKER_1_MLB,batting_totalBases,0.5,under,1.506,0.4008,0.4251,0,0.4702,-4.51,100,2,2,-14.99,1,PASS,false,false,L
646,2026-09-23 01:25:00.701+00,2026-09-23 01:40:00+00,1jdR9YYTS2E4PjT6AXsm,823089,DOMINIC_CANZONE_1_MLB,batting_totalBases,1.5,under,2.036,0.5093,0.5423,0,0.6037,-6.13,-182,1,1,-15.97,1,PASS,true,false,W
659,2026-09-23 01:25:00.701+00,2026-09-23 01:40:00+00,doJ3OwfigTEzDZ1TE5sP,824953,ZACK_GELOF_1_MLB,batting_hits,0.5,under,1.062,0.2923,0.3188,0,0.368,-4.92,160,2,2,-17.11,0.82,PASS,false,false,L
663,2026-09-23 01:25:00.701+00,2026-09-23 01:40:00+00,doJ3OwfigTEzDZ1TE5sP,824953,WADE_MECKLER_1_MLB,batting_hits,0.5,under,1.086,0.28,0.3043,0,0.3495,-4.52,170,2,2,-17.84,0.624,PASS,false,false,L
665,2026-09-23 01:25:00.701+00,2026-09-23 01:40:00+00,1jdR9YYTS2E4PjT6AXsm,823089,ISAAC_PAREDES_1_MLB,batting_totalBases,0.5,under,1.615,0.3307,0.3618,0,0.4195,-5.78,125,2,2,-18.6,1,PASS,false,false,L
667,2026-09-23 01:25:00.701+00,2026-09-23 01:40:00+00,1jdR9YYTS2E4PjT6AXsm,823089,ISAAC_PAREDES_1_MLB,batting_hits,0.5,under,0.966,0.3307,0.3606,0,0.4162,-5.56,125,2,2,-18.86,1,PASS,false,false,L
668,2026-09-23 01:25:00.701+00,2026-09-23 01:40:00+00,doJ3OwfigTEzDZ1TE5sP,824953,ALIKA_WILLIAMS_1_MLB,batting_totalBases,0.5,under,1.587,0.3238,0.3527,0,0.4064,-5.37,130,2,2,-18.87,0.446,PASS,false,false,L
669,2026-09-23 01:25:00.701+00,2026-09-23 01:40:00+00,1jdR9YYTS2E4PjT6AXsm,823089,JOSE_ALTUVE_1_MLB,batting_hits,0.5,under,0.973,0.3294,0.3601,0,0.417,-5.7,125,2,2,-18.98,1,PASS,false,false,L
671,2026-09-23 01:25:00.701+00,2026-09-23 01:40:00+00,1jdR9YYTS2E4PjT6AXsm,823089,JOSE_ALTUVE_1_MLB,batting_totalBases,0.5,under,1.57,0.3294,0.3594,0,0.4151,-5.57,125,2,2,-19.13,1,PASS,false,false,L
672,2026-09-23 01:25:00.701+00,2026-09-23 01:40:00+00,doJ3OwfigTEzDZ1TE5sP,824953,HENRY_BOLTE_1_MLB,batting_hits,0.5,under,1.163,0.2564,0.2786,0,0.3198,-4.12,190,1,1,-19.2,0.89,PASS,false,false,L
673,2026-09-23 01:25:00.701+00,2026-09-23 01:40:00+00,doJ3OwfigTEzDZ1TE5sP,824953,ALIKA_WILLIAMS_1_MLB,batting_hits,0.5,under,0.992,0.3192,0.3512,0,0.4107,-5.95,130,2,2,-19.23,0.446,PASS,false,false,L
674,2026-09-23 01:25:00.701+00,2026-09-23 01:40:00+00,doJ3OwfigTEzDZ1TE5sP,824953,MIKE_TROUT_1_MLB,batting_hits,1.5,over,0.973,0.2502,0.2733,0,0.3161,-4.28,195,1,1,-19.38,1,PASS,true,false,W
675,2026-09-23 01:25:00.701+00,2026-09-23 01:40:00+00,1jdR9YYTS2E4PjT6AXsm,823089,JEREMY_PENA_1_MLB,batting_hits,0.5,under,1.143,0.2685,0.3049,0,0.3726,-6.77,163,2,2,-19.81,0.912,PASS,false,false,L
679,2026-09-23 01:25:00.701+00,2026-09-23 01:40:00+00,1jdR9YYTS2E4PjT6AXsm,823089,YAINER_DIAZ_1_MLB,batting_totalBases,0.5,under,1.695,0.2967,0.3258,0,0.3797,-5.4,145,1,1,-20.19,0.666,PASS,false,false,L
680,2026-09-23 01:25:00.701+00,2026-09-23 01:40:00+00,1jdR9YYTS2E4PjT6AXsm,823089,COLE_YOUNG_1_MLB,batting_hits,0.5,under,0.963,0.3315,0.3687,0,0.4377,-6.9,116,2,2,-20.36,1,PASS,false,false,L
681,2026-09-23 01:25:00.701+00,2026-09-23 01:40:00+00,1jdR9YYTS2E4PjT6AXsm,823089,COLE_YOUNG_1_MLB,batting_totalBases,0.5,under,1.512,0.3315,0.3689,0,0.4383,-6.94,115,2,2,-20.69,1,PASS,false,false,L
683,2026-09-23 01:25:00.701+00,2026-09-23 01:40:00+00,1jdR9YYTS2E4PjT6AXsm,823089,JULIO_RODRIGUEZ_1_MLB,batting_totalBases,0.5,under,1.632,0.3154,0.3518,0,0.4193,-6.75,125,2,2,-20.85,1,PASS,false,false,L
685,2026-09-23 01:25:00.701+00,2026-09-23 01:40:00+00,1jdR9YYTS2E4PjT6AXsm,823089,BRICE_MATTHEWS_1_MLB,batting_hits,0.5,under,0.78,0.4184,0.4639,0,0.5485,-8.45,-142,1,1,-20.93,0.46,PASS,false,false,L
687,2026-09-23 01:25:00.701+00,2026-09-23 01:40:00+00,1jdR9YYTS2E4PjT6AXsm,823089,TAYLOR_TRAMMELL_1_MLB,batting_hits,0.5,under,0.786,0.4157,0.4664,0,0.5607,-9.43,-146,2,2,-21.41,0.546,PASS,true,false,W
690,2026-09-23 01:25:00.701+00,2026-09-23 01:40:00+00,1jdR9YYTS2E4PjT6AXsm,823089,JULIO_RODRIGUEZ_1_MLB,batting_hits,0.5,under,1.002,0.3154,0.353,0,0.4229,-6.98,122,2,2,-21.63,1,PASS,false,false,L
691,2026-09-23 01:25:00.701+00,2026-09-23 01:40:00+00,1jdR9YYTS2E4PjT6AXsm,823089,TAYLOR_TRAMMELL_1_MLB,batting_totalBases,0.5,under,1.317,0.4199,0.4707,0,0.565,-9.43,-152,2,2,-21.97,0.546,PASS,true,false,W
692,2026-09-23 01:25:00.701+00,2026-09-23 01:40:00+00,1jdR9YYTS2E4PjT6AXsm,823089,JOSH_NAYLOR_1_MLB,batting_hits,0.5,under,1.092,0.2793,0.3214,0,0.3997,-7.82,140,2,2,-22.86,1,PASS,true,false,W
695,2026-09-23 01:25:00.701+00,2026-09-23 01:40:00+00,1jdR9YYTS2E4PjT6AXsm,823089,JOSH_NAYLOR_1_MLB,batting_totalBases,0.5,under,1.461,0.2793,0.3174,0,0.3882,-7.08,141,2,2,-23.5,1,PASS,true,false,W
696,2026-09-23 01:25:00.701+00,2026-09-23 01:40:00+00,1jdR9YYTS2E4PjT6AXsm,823089,DOMINIC_CANZONE_1_MLB,batting_hits,0.5,under,1.097,0.279,0.32,0,0.3962,-7.61,136,2,2,-24.47,1,PASS,false,false,L
697,2026-09-23 01:25:00.701+00,2026-09-23 01:40:00+00,1jdR9YYTS2E4PjT6AXsm,823089,DOMINIC_CANZONE_1_MLB,batting_totalBases,0.5,under,2.036,0.279,0.32,0,0.396,-7.6,135,1,1,-24.81,1,PASS,false,false,L
699,2026-09-23 01:25:00.701+00,2026-09-23 01:40:00+00,1jdR9YYTS2E4PjT6AXsm,823089,YORDAN_ALVAREZ_1_MLB,batting_hits,0.5,under,1.139,0.261,0.3042,0,0.3846,-8.03,146,2,2,-25.16,1,PASS,false,false,L
700,2026-09-23 01:25:00.701+00,2026-09-23 01:40:00+00,1jdR9YYTS2E4PjT6AXsm,823089,JEREMY_PENA_1_MLB,batting_totalBases,0.5,under,1.949,0.2691,0.311,0,0.3887,-7.77,140,1,1,-25.36,0.912,PASS,false,false,L
701,2026-09-23 01:25:00.701+00,2026-09-23 01:40:00+00,1jdR9YYTS2E4PjT6AXsm,823089,CRISTIAN_JAVIER_1_MLB,pitching_strikeouts,4.5,under,5.568,0.3471,0.4131,0,0.5359,-12.27,-127,4,4,-26.15,0.611,PASS,true,false,W
702,2026-09-23 01:25:00.701+00,2026-09-23 01:40:00+00,1jdR9YYTS2E4PjT6AXsm,823089,RANDY_AROZARENA_1_MLB,batting_hits,0.5,under,1.146,0.259,0.3186,0,0.4295,-11.08,120,2,2,-29.9,1,PASS,true,false,W
703,2026-09-23 01:25:00.701+00,2026-09-23 01:40:00+00,1jdR9YYTS2E4PjT6AXsm,823089,RANDY_AROZARENA_1_MLB,batting_totalBases,0.5,under,1.973,0.259,0.3192,0,0.4312,-11.19,118,2,2,-30.41,1,PASS,true,false,W
704,2026-09-23 01:25:00.701+00,2026-09-23 01:40:00+00,doJ3OwfigTEzDZ1TE5sP,824953,BRADY_BASSO_1_MLB,pitching_strikeouts,3.5,under,6.239,0.1311,0.2792,0,0.5542,-27.5,-136,4,4,-51.55,0.333,PASS,true,false,W
705,2026-09-23 01:25:00.701+00,2026-09-23 01:40:00+00,1jdR9YYTS2E4PjT6AXsm,823089,CAL_RALEIGH_1_MLB,batting_totalBases,1.5,under,1.482,0.6588,0.6588,0,,,,0,0,,1,PASS,true,false,W
706,2026-09-23 01:25:00.701+00,2026-09-23 01:40:00+00,1jdR9YYTS2E4PjT6AXsm,823089,CAM_SMITH_1_MLB,batting_totalBases,1.5,under,1.365,0.6799,0.6799,0,,,,0,0,,1,PASS,false,false,L
707,2026-09-23 01:25:00.701+00,2026-09-23 01:40:00+00,1jdR9YYTS2E4PjT6AXsm,823089,CHRISTIAN_WALKER_1_MLB,batting_totalBases,1.5,under,1.506,0.6391,0.6391,0,,,,0,0,,1,PASS,false,false,L
708,2026-09-23 01:25:00.701+00,2026-09-23 01:40:00+00,1jdR9YYTS2E4PjT6AXsm,823089,COLE_YOUNG_1_MLB,batting_totalBases,1.5,under,1.512,0.6306,0.6306,0,,,,0,0,,1,PASS,true,false,W
711,2026-09-23 01:25:00.701+00,2026-09-23 01:40:00+00,1jdR9YYTS2E4PjT6AXsm,823089,ISAAC_PAREDES_1_MLB,batting_totalBases,1.5,under,1.615,0.6049,0.6049,0,,,,0,0,,1,PASS,false,false,L
712,2026-09-23 01:25:00.701+00,2026-09-23 01:40:00+00,1jdR9YYTS2E4PjT6AXsm,823089,JOSE_ALTUVE_1_MLB,batting_totalBases,1.5,under,1.57,0.6072,0.6072,0,,,,0,0,,1,PASS,false,false,L
713,2026-09-23 01:25:00.701+00,2026-09-23 01:40:00+00,1jdR9YYTS2E4PjT6AXsm,823089,JOSH_NAYLOR_1_MLB,batting_totalBases,1.5,under,1.461,0.6118,0.6118,0,,,,0,0,,1,PASS,true,false,W
714,2026-09-23 01:25:00.701+00,2026-09-23 01:40:00+00,1jdR9YYTS2E4PjT6AXsm,823089,JULIO_RODRIGUEZ_1_MLB,batting_totalBases,1.5,under,1.632,0.5987,0.5987,0,,,,0,0,,1,PASS,false,false,L
715,2026-09-23 01:25:00.701+00,2026-09-23 01:40:00+00,1jdR9YYTS2E4PjT6AXsm,823089,RANDY_AROZARENA_1_MLB,batting_totalBases,1.5,under,1.973,0.5184,0.5184,0,,,,0,0,,1,PASS,true,false,W
716,2026-09-23 01:25:00.701+00,2026-09-23 01:40:00+00,1jdR9YYTS2E4PjT6AXsm,823089,TAYLOR_TRAMMELL_1_MLB,batting_totalBases,1.5,under,1.317,0.6766,0.6766,0,,,,0,0,,0.546,PASS,true,false,W
717,2026-09-23 01:25:00.701+00,2026-09-23 01:40:00+00,1jdR9YYTS2E4PjT6AXsm,823089,JP_CRAWFORD_1_MLB,batting_totalBases,1.5,under,1.454,0.6512,0.6512,0,,,,0,0,,0.934,PASS,true,false,W
718,2026-09-23 01:25:00.701+00,2026-09-23 01:40:00+00,1jdR9YYTS2E4PjT6AXsm,823089,BRICE_MATTHEWS_1_MLB,batting_totalBases,1.5,under,1.258,0.6992,0.6992,0,,,,0,0,,0.46,PASS,true,false,W
719,2026-09-23 01:25:00.701+00,2026-09-23 01:40:00+00,doJ3OwfigTEzDZ1TE5sP,824953,ALIKA_WILLIAMS_1_MLB,batting_totalBases,1.5,under,1.587,0.5802,0.5802,0,,,,0,0,,0.446,PASS,false,false,L
722,2026-09-23 01:25:00.701+00,2026-09-23 01:40:00+00,doJ3OwfigTEzDZ1TE5sP,824953,OSWALD_PERAZA_1_MLB,batting_hits,0.5,over,,,,,,,-182,1,0,,0,PASS,false,false,L
723,2026-09-23 01:25:00.701+00,2026-09-23 01:40:00+00,doJ3OwfigTEzDZ1TE5sP,824953,OSWALD_PERAZA_1_MLB,batting_hits,0.5,under,,,,,,,,0,0,,0,PASS,true,false,W
726,2026-09-23 01:25:00.701+00,2026-09-23 01:40:00+00,doJ3OwfigTEzDZ1TE5sP,824953,BRYCE_TEODOSIO_1_MLB,batting_hits,0.5,over,,,,,0.5422,,-137,4,2,,0,PASS,false,false,L
727,2026-09-23 01:25:00.701+00,2026-09-23 01:40:00+00,doJ3OwfigTEzDZ1TE5sP,824953,BRYCE_TEODOSIO_1_MLB,batting_hits,0.5,under,,,,,0.4578,,105,2,2,,0,PASS,true,false,W
728,2026-09-23 01:25:00.701+00,2026-09-23 01:40:00+00,doJ3OwfigTEzDZ1TE5sP,824953,DENZEL_CLARKE_1_MLB,batting_hits,0.5,over,,,,,0.5092,,-107,4,2,,0,PASS,false,false,L
729,2026-09-23 01:25:00.701+00,2026-09-23 01:40:00+00,doJ3OwfigTEzDZ1TE5sP,824953,DENZEL_CLARKE_1_MLB,batting_hits,0.5,under,,,,,0.4908,,100,2,2,,0,PASS,true,false,W
730,2026-09-23 01:25:00.701+00,2026-09-23 01:40:00+00,doJ3OwfigTEzDZ1TE5sP,824953,JEFF_MCNEIL_1_MLB,batting_hits,0.5,over,,,,,,,-200,1,0,,0,PASS,false,false,L
731,2026-09-23 01:25:00.701+00,2026-09-23 01:40:00+00,doJ3OwfigTEzDZ1TE5sP,824953,JEFF_MCNEIL_1_MLB,batting_hits,0.5,under,,,,,,,,0,0,,0,PASS,true,false,W
732,2026-09-23 01:25:00.701+00,2026-09-23 01:40:00+00,doJ3OwfigTEzDZ1TE5sP,824953,BRYCE_TEODOSIO_1_MLB,batting_totalBases,0.5,over,,,,,0.5412,,-136,2,2,,0,PASS,false,false,L
733,2026-09-23 01:25:00.701+00,2026-09-23 01:40:00+00,doJ3OwfigTEzDZ1TE5sP,824953,BRYCE_TEODOSIO_1_MLB,batting_totalBases,0.5,under,,,,,0.4588,,105,2,2,,0,PASS,true,false,W
734,2026-09-23 01:25:00.701+00,2026-09-23 01:40:00+00,doJ3OwfigTEzDZ1TE5sP,824953,BRYCE_TEODOSIO_1_MLB,batting_totalBases,1.5,over,,,,,,,214,2,0,,0,PASS,false,false,L
735,2026-09-23 01:25:00.701+00,2026-09-23 01:40:00+00,doJ3OwfigTEzDZ1TE5sP,824953,BRYCE_TEODOSIO_1_MLB,batting_totalBases,1.5,under,,,,,,,,0,0,,0,PASS,true,false,W
736,2026-09-23 01:25:00.701+00,2026-09-23 01:40:00+00,doJ3OwfigTEzDZ1TE5sP,824953,DENZEL_CLARKE_1_MLB,batting_totalBases,0.5,over,,,,,0.5253,,-124,2,2,,0,PASS,false,false,L
737,2026-09-23 01:25:00.701+00,2026-09-23 01:40:00+00,doJ3OwfigTEzDZ1TE5sP,824953,DENZEL_CLARKE_1_MLB,batting_totalBases,0.5,under,,,,,0.4747,,100,2,2,,0,PASS,true,false,W
738,2026-09-23 01:25:00.701+00,2026-09-23 01:40:00+00,doJ3OwfigTEzDZ1TE5sP,824953,DENZEL_CLARKE_1_MLB,batting_totalBases,1.5,over,,,,,,,270,2,0,,0,PASS,false,false,L
739,2026-09-23 01:25:00.701+00,2026-09-23 01:40:00+00,doJ3OwfigTEzDZ1TE5sP,824953,DENZEL_CLARKE_1_MLB,batting_totalBases,1.5,under,,,,,,,,0,0,,0,PASS,true,false,W
1,2026-09-23 01:24:15.835+00,2026-09-23 01:45:00+00,uG5BuaszlLUcg0ptJxV9,823166,TAJ_BRADLEY_1_MLB,pitching_strikeouts,6.5,over,7.628,0.6392,0.5737,0,0.4521,12.16,112,4,4,21.62,1,PLAY,false,false,L
12,2026-09-23 01:24:15.835+00,2026-09-23 01:45:00+00,uG5BuaszlLUcg0ptJxV9,823166,DREW_CAVANAUGH_1_MLB,batting_totalBases,1.5,over,1.182,0.2908,0.2908,0,,,310,2,0,19.23,0.314,PASS,false,false,L
13,2026-09-23 01:24:15.835+00,2026-09-23 01:45:00+00,uG5BuaszlLUcg0ptJxV9,823166,SHAY_WHITCOMB_1_MLB,batting_totalBases,1.5,over,1.452,0.3559,0.3559,0,,,232,2,0,18.14,0.216,PASS,false,false,L
16,2026-09-23 01:24:15.835+00,2026-09-23 01:45:00+00,uG5BuaszlLUcg0ptJxV9,823166,DREW_CAVANAUGH_1_MLB,batting_hits,0.5,over,0.809,0.598,0.5466,0,0.4513,9.54,110,4,2,14.79,0.314,PASS,false,false,L
18,2026-09-23 01:24:15.835+00,2026-09-23 01:45:00+00,uG5BuaszlLUcg0ptJxV9,823166,DREW_GILBERT_1_MLB,batting_totalBases,1.5,over,1.552,0.3819,0.3819,0,,,200,2,0,14.57,0.768,PASS,false,false,L
19,2026-09-23 01:24:15.835+00,2026-09-23 01:45:00+00,uG5BuaszlLUcg0ptJxV9,823166,DREW_CAVANAUGH_1_MLB,batting_totalBases,0.5,over,1.182,0.592,0.5428,0,0.4513,9.15,110,2,2,13.98,0.314,PASS,false,false,L
22,2026-09-23 01:24:15.835+00,2026-09-23 01:45:00+00,uG5BuaszlLUcg0ptJxV9,823166,RYAN_KREIDLER_1_MLB,batting_totalBases,1.5,over,1.362,0.3328,0.3328,0,,,238,2,0,12.48,0.52,PASS,false,false,L
28,2026-09-23 01:24:15.835+00,2026-09-23 01:45:00+00,uG5BuaszlLUcg0ptJxV9,823166,CHRISTIAN_KOSS_1_MLB,batting_totalBases,1.5,over,1.264,0.3111,0.3111,0,,,250,2,0,8.9,0.406,PASS,false,false,L
29,2026-09-23 01:24:15.835+00,2026-09-23 01:45:00+00,uG5BuaszlLUcg0ptJxV9,823166,JONAH_COX_1_MLB,batting_totalBases,1.5,over,1.576,0.3886,0.3886,0,,,178,2,0,8.03,0.296,PASS,false,false,L
34,2026-09-23 01:24:15.835+00,2026-09-23 01:45:00+00,uG5BuaszlLUcg0ptJxV9,823166,SHAY_WHITCOMB_1_MLB,batting_hits,0.5,over,0.897,0.6367,0.5998,0,0.5314,6.84,-130,4,2,6.13,0.216,PASS,true,false,W
38,2026-09-23 01:24:15.835+00,2026-09-23 01:45:00+00,uG5BuaszlLUcg0ptJxV9,823166,DREW_GILBERT_1_MLB,batting_hits,0.5,over,0.942,0.6561,0.6256,0,0.5689,5.67,-145,4,2,5.7,0.768,PASS,true,false,W
44,2026-09-23 01:24:15.835+00,2026-09-23 01:45:00+00,uG5BuaszlLUcg0ptJxV9,823166,SHAY_WHITCOMB_1_MLB,batting_totalBases,0.5,over,1.452,0.6295,0.595,0,0.5308,6.42,-130,2,2,5.26,0.216,PASS,true,false,W
49,2026-09-23 01:24:15.835+00,2026-09-23 01:45:00+00,uG5BuaszlLUcg0ptJxV9,823166,RYAN_KREIDLER_1_MLB,batting_hits,0.5,over,0.816,0.6007,0.5705,0,0.5142,5.63,-119,4,2,4.98,0.52,PASS,true,false,W
57,2026-09-23 01:24:15.835+00,2026-09-23 01:45:00+00,uG5BuaszlLUcg0ptJxV9,823166,DREW_GILBERT_1_MLB,batting_totalBases,0.5,over,1.552,0.6541,0.6202,0,0.5574,6.28,-148,2,2,3.93,0.768,PASS,true,false,W
59,2026-09-23 01:24:15.835+00,2026-09-23 01:45:00+00,uG5BuaszlLUcg0ptJxV9,823166,CHRISTIAN_KOSS_1_MLB,batting_hits,0.5,over,0.834,0.6094,0.5831,0,0.5343,4.88,-128,4,2,3.87,0.406,PASS,true,false,W
65,2026-09-23 01:24:15.835+00,2026-09-23 01:45:00+00,uG5BuaszlLUcg0ptJxV9,823166,BROOKS_LEE_1_MLB,batting_totalBases,1.5,over,1.841,0.4409,0.4295,0,0.4084,2.12,141,4,3,3.52,1,PASS,true,false,W
67,2026-09-23 01:24:15.835+00,2026-09-23 01:45:00+00,uG5BuaszlLUcg0ptJxV9,823166,JONAH_COX_1_MLB,batting_hits,0.5,over,1.013,0.6861,0.6576,0,0.6047,5.29,-175,4,2,3.34,0.296,PASS,false,false,L
73,2026-09-23 01:24:15.835+00,2026-09-23 01:45:00+00,uG5BuaszlLUcg0ptJxV9,823166,RYAN_KREIDLER_1_MLB,batting_totalBases,0.5,over,1.362,0.5964,0.569,0,0.5182,5.09,-124,2,2,2.79,0.52,PASS,true,false,W
93,2026-09-23 01:24:15.835+00,2026-09-23 01:45:00+00,uG5BuaszlLUcg0ptJxV9,823166,JONAH_COX_1_MLB,batting_totalBases,0.5,over,1.576,0.6803,0.6575,0,0.6152,4.23,-190,2,2,0.36,0.296,PASS,false,false,L
97,2026-09-23 01:24:15.835+00,2026-09-23 01:45:00+00,uG5BuaszlLUcg0ptJxV9,823166,CHRISTIAN_KOSS_1_MLB,batting_totalBases,0.5,over,1.264,0.6042,0.5837,0,0.5456,3.81,-140,2,2,0.06,0.406,PASS,true,false,W
108,2026-09-23 01:24:15.835+00,2026-09-23 01:45:00+00,uG5BuaszlLUcg0ptJxV9,823166,VICTOR_CARATINI_1_MLB,batting_hits,0.5,under,0.779,0.4168,0.413,0,0.4059,0.7,140,2,2,-0.88,0.75,PASS,true,false,W
111,2026-09-23 01:24:15.835+00,2026-09-23 01:45:00+00,uG5BuaszlLUcg0ptJxV9,823166,LUKE_KEASCHALL_1_MLB,batting_hits,0.5,over,1.102,0.7237,0.7036,0,0.6662,3.74,-245,1,1,-0.93,1,PASS,true,false,W
112,2026-09-23 01:24:15.835+00,2026-09-23 01:45:00+00,uG5BuaszlLUcg0ptJxV9,823166,BROOKS_LEE_1_MLB,batting_hits,0.5,over,1.075,0.7074,0.6875,0,0.6504,3.71,-227,3,1,-0.97,1,PASS,true,false,W
123,2026-09-23 01:24:15.835+00,2026-09-23 01:45:00+00,uG5BuaszlLUcg0ptJxV9,823166,LUKE_KEASCHALL_1_MLB,batting_totalBases,1.5,under,1.532,0.5877,0.581,0,0.5684,1.26,-145,3,3,-1.84,1,PASS,false,false,L
125,2026-09-23 01:24:15.835+00,2026-09-23 01:45:00+00,uG5BuaszlLUcg0ptJxV9,823166,VICTOR_CARATINI_1_MLB,batting_totalBases,0.5,under,1.141,0.419,0.4086,0,0.3892,1.94,140,2,2,-1.93,0.75,PASS,true,false,W
135,2026-09-23 01:24:15.835+00,2026-09-23 01:45:00+00,uG5BuaszlLUcg0ptJxV9,823166,LUKE_KEASCHALL_1_MLB,batting_hits,1.5,under,1.102,0.6945,0.682,0,0.6586,2.34,-235,1,1,-2.79,1,PASS,true,false,W
142,2026-09-23 01:24:15.835+00,2026-09-23 01:45:00+00,uG5BuaszlLUcg0ptJxV9,823166,JOSHUA_BELL_1_MLB,batting_hits,0.5,over,1.026,0.694,0.6837,0,0.6647,1.9,-241,4,2,-3.26,1,PASS,false,false,L
155,2026-09-23 01:24:15.835+00,2026-09-23 01:45:00+00,uG5BuaszlLUcg0ptJxV9,823166,JOSHUA_BELL_1_MLB,batting_totalBases,1.5,over,1.677,0.4181,0.416,0,0.4121,0.39,130,4,3,-4.32,1,PASS,false,false,L
157,2026-09-23 01:24:15.835+00,2026-09-23 01:45:00+00,uG5BuaszlLUcg0ptJxV9,823166,KODY_CLEMENS_1_MLB,batting_hits,0.5,over,0.961,0.6642,0.6579,0,0.6462,1.17,-221,4,2,-4.44,1,PASS,true,false,W
158,2026-09-23 01:24:15.835+00,2026-09-23 01:45:00+00,uG5BuaszlLUcg0ptJxV9,823166,LUKE_KEASCHALL_1_MLB,batting_totalBases,1.5,over,1.532,0.4123,0.419,0,0.4316,-1.26,128,4,3,-4.46,1,PASS,true,false,W
159,2026-09-23 01:24:15.835+00,2026-09-23 01:45:00+00,uG5BuaszlLUcg0ptJxV9,823166,KODY_CLEMENS_1_MLB,batting_totalBases,1.5,over,1.866,0.4359,0.4336,0,0.4295,0.42,120,4,3,-4.6,1,PASS,false,false,L
160,2026-09-23 01:24:15.835+00,2026-09-23 01:45:00+00,uG5BuaszlLUcg0ptJxV9,823166,VICTOR_CARATINI_1_MLB,batting_hits,0.5,over,0.779,0.5832,0.587,0,0.5941,-0.7,-160,4,2,-4.61,0.75,PASS,false,false,L
161,2026-09-23 01:24:15.835+00,2026-09-23 01:45:00+00,uG5BuaszlLUcg0ptJxV9,823166,BROOKS_LEE_1_MLB,batting_hits,1.5,under,1.075,0.7068,0.6988,0,0.6839,1.49,-275,1,1,-4.71,1,PASS,false,false,L
169,2026-09-23 01:24:15.835+00,2026-09-23 01:45:00+00,uG5BuaszlLUcg0ptJxV9,823166,ROYCE_LEWIS_1_MLB,batting_hits,0.5,over,0.851,0.6164,0.6135,0,0.6082,0.53,-183,4,2,-5.12,0.98,PASS,false,false,L
181,2026-09-23 01:24:15.835+00,2026-09-23 01:45:00+00,uG5BuaszlLUcg0ptJxV9,823166,ROYCE_LEWIS_1_MLB,batting_totalBases,0.5,over,1.422,0.6162,0.6139,0,0.6098,0.42,-190,2,2,-6.29,0.98,PASS,false,false,L
183,2026-09-23 01:24:15.835+00,2026-09-23 01:45:00+00,uG5BuaszlLUcg0ptJxV9,823166,KODY_CLEMENS_1_MLB,batting_totalBases,1.5,under,1.866,0.5641,0.5664,0,0.5705,-0.42,-154,3,3,-6.58,1,PASS,true,false,W
185,2026-09-23 01:24:15.835+00,2026-09-23 01:45:00+00,uG5BuaszlLUcg0ptJxV9,823166,JOSHUA_BELL_1_MLB,batting_totalBases,1.5,under,1.677,0.5819,0.584,0,0.5879,-0.39,-167,3,3,-6.63,1,PASS,true,false,W
189,2026-09-23 01:24:15.835+00,2026-09-23 01:45:00+00,uG5BuaszlLUcg0ptJxV9,823166,ROYCE_LEWIS_1_MLB,batting_hits,0.5,under,0.851,0.3836,0.3865,0,0.3918,-0.53,140,2,2,-7.24,0.98,PASS,true,false,W
190,2026-09-23 01:24:15.835+00,2026-09-23 01:45:00+00,uG5BuaszlLUcg0ptJxV9,823166,BROOKS_LEE_1_MLB,batting_totalBases,1.5,under,1.841,0.5591,0.5705,0,0.5916,-2.12,-160,3,3,-7.3,1,PASS,false,false,L
191,2026-09-23 01:24:15.835+00,2026-09-23 01:45:00+00,uG5BuaszlLUcg0ptJxV9,823166,ROYCE_LEWIS_1_MLB,batting_totalBases,0.5,under,1.422,0.3838,0.3861,0,0.3902,-0.42,140,2,2,-7.35,0.98,PASS,true,false,W
195,2026-09-23 01:24:15.835+00,2026-09-23 01:45:00+00,uG5BuaszlLUcg0ptJxV9,823166,LUKE_KEASCHALL_1_MLB,batting_hits,1.5,over,1.102,0.3055,0.318,0,0.3414,-2.34,190,3,1,-7.77,1,PASS,false,false,L
205,2026-09-23 01:24:15.835+00,2026-09-23 01:45:00+00,uG5BuaszlLUcg0ptJxV9,823166,ROYCE_LEWIS_1_MLB,batting_totalBases,1.5,over,1.422,0.3603,0.3603,0,,,153,2,0,-8.83,0.98,PASS,false,false,L
209,2026-09-23 01:24:15.835+00,2026-09-23 01:45:00+00,uG5BuaszlLUcg0ptJxV9,823166,KODY_CLEMENS_1_MLB,batting_hits,0.5,under,0.961,0.3358,0.3421,0,0.3538,-1.17,165,2,2,-9.34,1,PASS,false,false,L
213,2026-09-23 01:24:15.835+00,2026-09-23 01:45:00+00,uG5BuaszlLUcg0ptJxV9,823166,VICTOR_CARATINI_1_MLB,batting_totalBases,0.5,over,1.141,0.581,0.5914,0,0.6108,-1.94,-190,2,2,-9.74,0.75,PASS,false,false,L
219,2026-09-23 01:24:15.835+00,2026-09-23 01:45:00+00,uG5BuaszlLUcg0ptJxV9,823166,BROOKS_LEE_1_MLB,batting_hits,1.5,over,1.075,0.2932,0.3012,0,0.3161,-1.49,195,1,1,-11.14,1,PASS,true,false,W
223,2026-09-23 01:24:15.835+00,2026-09-23 01:45:00+00,uG5BuaszlLUcg0ptJxV9,823166,JOSHUA_BELL_1_MLB,batting_hits,0.5,under,1.026,0.306,0.3163,0,0.3353,-1.9,180,2,2,-11.44,1,PASS,true,false,W
242,2026-09-23 01:24:15.835+00,2026-09-23 01:45:00+00,uG5BuaszlLUcg0ptJxV9,823166,CHRISTIAN_KOSS_1_MLB,batting_totalBases,0.5,under,1.264,0.3958,0.4163,0,0.4544,-3.81,106,2,2,-14.24,0.406,PASS,false,false,L
245,2026-09-23 01:24:15.835+00,2026-09-23 01:45:00+00,uG5BuaszlLUcg0ptJxV9,823166,CHRISTIAN_KOSS_1_MLB,batting_hits,0.5,under,0.834,0.3906,0.4169,0,0.4657,-4.88,105,2,2,-14.54,0.406,PASS,false,false,L
248,2026-09-23 01:24:15.835+00,2026-09-23 01:45:00+00,uG5BuaszlLUcg0ptJxV9,823166,RYAN_KREIDLER_1_MLB,batting_totalBases,0.5,under,1.362,0.4036,0.431,0,0.4818,-5.09,-105,2,2,-15.85,0.52,PASS,false,false,L
254,2026-09-23 01:24:15.835+00,2026-09-23 01:45:00+00,uG5BuaszlLUcg0ptJxV9,823166,JONAH_COX_1_MLB,batting_totalBases,0.5,under,1.576,0.3197,0.3425,0,0.3848,-4.23,145,2,2,-16.09,0.296,PASS,true,false,W
255,2026-09-23 01:24:15.835+00,2026-09-23 01:45:00+00,uG5BuaszlLUcg0ptJxV9,823166,RYAN_KREIDLER_1_MLB,batting_hits,0.5,under,0.816,0.3993,0.4295,0,0.4858,-5.63,-105,2,2,-16.14,0.52,PASS,false,false,L
257,2026-09-23 01:24:15.835+00,2026-09-23 01:45:00+00,uG5BuaszlLUcg0ptJxV9,823166,BROOKS_LEE_1_MLB,batting_hits,0.5,under,1.075,0.2926,0.3125,0,0.3496,-3.71,168,1,1,-16.24,1,PASS,false,false,L
258,2026-09-23 01:24:15.835+00,2026-09-23 01:45:00+00,uG5BuaszlLUcg0ptJxV9,823166,DREW_GILBERT_1_MLB,batting_hits,0.5,under,0.942,0.3439,0.3744,0,0.4311,-5.67,123,2,2,-16.5,0.768,PASS,false,false,L
261,2026-09-23 01:24:15.835+00,2026-09-23 01:45:00+00,uG5BuaszlLUcg0ptJxV9,823166,LUKE_KEASCHALL_1_MLB,batting_hits,0.5,under,1.102,0.2763,0.2964,0,0.3338,-3.74,181,1,1,-16.7,1,PASS,false,false,L
264,2026-09-23 01:24:15.835+00,2026-09-23 01:45:00+00,uG5BuaszlLUcg0ptJxV9,823166,VICTOR_CARATINI_1_MLB,batting_totalBases,1.5,over,1.141,0.2742,0.2742,0,,,201,2,0,-17.47,0.75,PASS,false,false,L
266,2026-09-23 01:24:15.835+00,2026-09-23 01:45:00+00,uG5BuaszlLUcg0ptJxV9,823166,JONAH_COX_1_MLB,batting_hits,0.5,under,1.013,0.3139,0.3424,0,0.3953,-5.29,140,2,2,-17.83,0.296,PASS,true,false,W
274,2026-09-23 01:24:15.835+00,2026-09-23 01:45:00+00,uG5BuaszlLUcg0ptJxV9,823166,SHAY_WHITCOMB_1_MLB,batting_totalBases,0.5,under,1.452,0.3705,0.405,0,0.4692,-6.42,100,2,2,-18.99,0.216,PASS,false,false,L
280,2026-09-23 01:24:15.835+00,2026-09-23 01:45:00+00,uG5BuaszlLUcg0ptJxV9,823166,DREW_GILBERT_1_MLB,batting_totalBases,0.5,under,1.552,0.3459,0.3798,0,0.4426,-6.28,111,2,2,-19.87,0.768,PASS,false,false,L
281,2026-09-23 01:24:15.835+00,2026-09-23 01:45:00+00,uG5BuaszlLUcg0ptJxV9,823166,SHAY_WHITCOMB_1_MLB,batting_hits,0.5,under,0.897,0.3633,0.4002,0,0.4686,-6.84,100,2,2,-19.97,0.216,PASS,false,false,L
288,2026-09-23 01:24:15.835+00,2026-09-23 01:45:00+00,uG5BuaszlLUcg0ptJxV9,823166,DREW_CAVANAUGH_1_MLB,batting_totalBases,0.5,under,1.182,0.408,0.4572,0,0.5487,-9.15,-137,2,2,-20.9,0.314,PASS,true,false,W
292,2026-09-23 01:24:15.835+00,2026-09-23 01:45:00+00,uG5BuaszlLUcg0ptJxV9,823166,DREW_CAVANAUGH_1_MLB,batting_hits,0.5,under,0.809,0.402,0.4534,0,0.5487,-9.54,-137,2,2,-21.57,0.314,PASS,true,false,W
298,2026-09-23 01:24:15.835+00,2026-09-23 01:45:00+00,uG5BuaszlLUcg0ptJxV9,823166,TAJ_BRADLEY_1_MLB,pitching_strikeouts,6.5,under,7.628,0.3608,0.4263,0,0.5479,-12.16,-125,4,4,-23.26,1,PASS,true,false,W
344,2026-09-23 01:24:15.835+00,2026-09-23 01:45:00+00,uG5BuaszlLUcg0ptJxV9,823166,BRETT_HARRIS_1_MLB,batting_hits,0.5,over,,,,,,,-130,1,0,,0,PASS,false,false,L
345,2026-09-23 01:24:15.835+00,2026-09-23 01:45:00+00,uG5BuaszlLUcg0ptJxV9,823166,BRETT_HARRIS_1_MLB,batting_hits,0.5,under,,,,,,,,0,0,,0,PASS,true,false,W
346,2026-09-23 01:24:15.835+00,2026-09-23 01:45:00+00,uG5BuaszlLUcg0ptJxV9,823166,EMMANUEL_RODRIGUEZ_1_MLB,batting_hits,0.5,over,,,,,0.5816,,-149,4,2,,0,PASS,false,false,L
347,2026-09-23 01:24:15.835+00,2026-09-23 01:45:00+00,uG5BuaszlLUcg0ptJxV9,823166,EMMANUEL_RODRIGUEZ_1_MLB,batting_hits,0.5,under,,,,,0.4184,,135,2,2,,0,PASS,true,false,W
348,2026-09-23 01:24:15.835+00,2026-09-23 01:45:00+00,uG5BuaszlLUcg0ptJxV9,823166,MARCELO_MAYER_1_MLB,batting_hits,0.5,over,,,,,,,-170,1,0,,0,PASS,false,false,L
349,2026-09-23 01:24:15.835+00,2026-09-23 01:45:00+00,uG5BuaszlLUcg0ptJxV9,823166,MARCELO_MAYER_1_MLB,batting_hits,0.5,under,,,,,,,,0,0,,0,PASS,true,false,W
350,2026-09-23 01:24:15.835+00,2026-09-23 01:45:00+00,uG5BuaszlLUcg0ptJxV9,823166,OSLEIVIS_BASABE_1_MLB,batting_hits,0.5,over,,,,,,,-154,1,0,,0,PASS,false,false,L
351,2026-09-23 01:24:15.835+00,2026-09-23 01:45:00+00,uG5BuaszlLUcg0ptJxV9,823166,OSLEIVIS_BASABE_1_MLB,batting_hits,0.5,under,,,,,,,,0,0,,0,PASS,true,false,W
354,2026-09-23 01:24:15.835+00,2026-09-23 01:45:00+00,uG5BuaszlLUcg0ptJxV9,823166,BRETT_HARRIS_1_MLB,batting_totalBases,0.5,over,,,,,0.527,,-130,1,1,,0,PASS,false,false,L
355,2026-09-23 01:24:15.835+00,2026-09-23 01:45:00+00,uG5BuaszlLUcg0ptJxV9,823166,BRETT_HARRIS_1_MLB,batting_totalBases,0.5,under,,,,,0.473,,-103,1,1,,0,PASS,true,false,W
356,2026-09-23 01:24:15.835+00,2026-09-23 01:45:00+00,uG5BuaszlLUcg0ptJxV9,823166,CHRISTIAN_KOSS_1_MLB,batting_totalBases,1.5,under,1.264,0.6889,0.6889,0,,,,0,0,,0.406,PASS,true,false,W
357,2026-09-23 01:24:15.835+00,2026-09-23 01:45:00+00,uG5BuaszlLUcg0ptJxV9,823166,DREW_CAVANAUGH_1_MLB,batting_totalBases,1.5,under,1.182,0.7092,0.7092,0,,,,0,0,,0.314,PASS,true,false,W
358,2026-09-23 01:24:15.835+00,2026-09-23 01:45:00+00,uG5BuaszlLUcg0ptJxV9,823166,DREW_GILBERT_1_MLB,batting_totalBases,1.5,under,1.552,0.6181,0.6181,0,,,,0,0,,0.768,PASS,true,false,W
359,2026-09-23 01:24:15.835+00,2026-09-23 01:45:00+00,uG5BuaszlLUcg0ptJxV9,823166,EMMANUEL_RODRIGUEZ_1_MLB,batting_totalBases,0.5,over,,,,,0.5957,,-170,2,2,,0,PASS,false,false,L
360,2026-09-23 01:24:15.835+00,2026-09-23 01:45:00+00,uG5BuaszlLUcg0ptJxV9,823166,EMMANUEL_RODRIGUEZ_1_MLB,batting_totalBases,0.5,under,,,,,0.4043,,135,2,2,,0,PASS,true,false,W
361,2026-09-23 01:24:15.835+00,2026-09-23 01:45:00+00,uG5BuaszlLUcg0ptJxV9,823166,EMMANUEL_RODRIGUEZ_1_MLB,batting_totalBases,1.5,over,,,,,,,188,2,0,,0,PASS,false,false,L
362,2026-09-23 01:24:15.835+00,2026-09-23 01:45:00+00,uG5BuaszlLUcg0ptJxV9,823166,EMMANUEL_RODRIGUEZ_1_MLB,batting_totalBases,1.5,under,,,,,,,,0,0,,0,PASS,true,false,W
363,2026-09-23 01:24:15.835+00,2026-09-23 01:45:00+00,uG5BuaszlLUcg0ptJxV9,823166,JONAH_COX_1_MLB,batting_totalBases,1.5,under,1.576,0.6114,0.6114,0,,,,0,0,,0.296,PASS,true,false,W
364,2026-09-23 01:24:15.835+00,2026-09-23 01:45:00+00,uG5BuaszlLUcg0ptJxV9,823166,MARCELO_MAYER_1_MLB,batting_totalBases,0.5,over,,,,,0.57,,-157,1,1,,0,PASS,false,false,L
365,2026-09-23 01:24:15.835+00,2026-09-23 01:45:00+00,uG5BuaszlLUcg0ptJxV9,823166,MARCELO_MAYER_1_MLB,batting_totalBases,0.5,under,,,,,0.43,,117,1,1,,0,PASS,true,false,W
366,2026-09-23 01:24:15.835+00,2026-09-23 01:45:00+00,uG5BuaszlLUcg0ptJxV9,823166,OSLEIVIS_BASABE_1_MLB,batting_totalBases,0.5,over,,,,,0.553,,-145,1,1,,0,PASS,false,false,L
367,2026-09-23 01:24:15.835+00,2026-09-23 01:45:00+00,uG5BuaszlLUcg0ptJxV9,823166,OSLEIVIS_BASABE_1_MLB,batting_totalBases,0.5,under,,,,,0.447,,109,1,1,,0,PASS,true,false,W
368,2026-09-23 01:24:15.835+00,2026-09-23 01:45:00+00,uG5BuaszlLUcg0ptJxV9,823166,ROYCE_LEWIS_1_MLB,batting_totalBases,1.5,under,1.422,0.6397,0.6397,0,,,,0,0,,0.98,PASS,true,false,W
371,2026-09-23 01:24:15.835+00,2026-09-23 01:45:00+00,uG5BuaszlLUcg0ptJxV9,823166,ANTHONY_MOLINA_1_MLB,pitching_strikeouts,3.5,over,,,,,0.5652,,-141,4,4,,0,PASS,true,false,W
372,2026-09-23 01:24:15.835+00,2026-09-23 01:45:00+00,uG5BuaszlLUcg0ptJxV9,823166,ANTHONY_MOLINA_1_MLB,pitching_strikeouts,3.5,under,,,,,0.4348,,121,4,4,,0,PASS,false,false,L
375,2026-09-23 01:24:15.835+00,2026-09-23 01:45:00+00,uG5BuaszlLUcg0ptJxV9,823166,RYAN_KREIDLER_1_MLB,batting_totalBases,1.5,under,1.362,0.6672,0.6672,0,,,,0,0,,0.52,PASS,true,false,W
376,2026-09-23 01:24:15.835+00,2026-09-23 01:45:00+00,uG5BuaszlLUcg0ptJxV9,823166,SHAY_WHITCOMB_1_MLB,batting_totalBases,1.5,under,1.452,0.6441,0.6441,0,,,,0,0,,0.216,PASS,true,false,W
377,2026-09-23 01:24:15.835+00,2026-09-23 01:45:00+00,uG5BuaszlLUcg0ptJxV9,823166,VICTOR_CARATINI_1_MLB,batting_totalBases,1.5,under,1.141,0.7258,0.7258,0,,,,0,0,,0.75,PASS,true,false,W
397,2026-09-23 01:25:00.701+00,2026-09-23 01:45:00+00,uG5BuaszlLUcg0ptJxV9,823166,TAJ_BRADLEY_1_MLB,pitching_strikeouts,6.5,over,7.628,0.6392,0.5737,0,0.4521,12.16,112,4,4,21.62,1,PLAY,false,false,L
408,2026-09-23 01:25:00.701+00,2026-09-23 01:45:00+00,uG5BuaszlLUcg0ptJxV9,823166,DREW_CAVANAUGH_1_MLB,batting_totalBases,1.5,over,1.182,0.2908,0.2908,0,,,310,2,0,19.23,0.314,PASS,false,false,L
409,2026-09-23 01:25:00.701+00,2026-09-23 01:45:00+00,uG5BuaszlLUcg0ptJxV9,823166,SHAY_WHITCOMB_1_MLB,batting_totalBases,1.5,over,1.452,0.3559,0.3559,0,,,232,2,0,18.14,0.216,PASS,false,false,L
412,2026-09-23 01:25:00.701+00,2026-09-23 01:45:00+00,uG5BuaszlLUcg0ptJxV9,823166,DREW_CAVANAUGH_1_MLB,batting_hits,0.5,over,0.809,0.598,0.5466,0,0.4513,9.54,110,4,2,14.79,0.314,PASS,false,false,L
414,2026-09-23 01:25:00.701+00,2026-09-23 01:45:00+00,uG5BuaszlLUcg0ptJxV9,823166,DREW_GILBERT_1_MLB,batting_totalBases,1.5,over,1.552,0.3819,0.3819,0,,,200,2,0,14.57,0.768,PASS,false,false,L
415,2026-09-23 01:25:00.701+00,2026-09-23 01:45:00+00,uG5BuaszlLUcg0ptJxV9,823166,DREW_CAVANAUGH_1_MLB,batting_totalBases,0.5,over,1.182,0.592,0.5428,0,0.4513,9.15,110,2,2,13.98,0.314,PASS,false,false,L
418,2026-09-23 01:25:00.701+00,2026-09-23 01:45:00+00,uG5BuaszlLUcg0ptJxV9,823166,RYAN_KREIDLER_1_MLB,batting_totalBases,1.5,over,1.362,0.3328,0.3328,0,,,238,2,0,12.48,0.52,PASS,false,false,L
424,2026-09-23 01:25:00.701+00,2026-09-23 01:45:00+00,uG5BuaszlLUcg0ptJxV9,823166,CHRISTIAN_KOSS_1_MLB,batting_totalBases,1.5,over,1.264,0.3111,0.3111,0,,,250,2,0,8.9,0.406,PASS,false,false,L
425,2026-09-23 01:25:00.701+00,2026-09-23 01:45:00+00,uG5BuaszlLUcg0ptJxV9,823166,JONAH_COX_1_MLB,batting_totalBases,1.5,over,1.576,0.3886,0.3886,0,,,178,2,0,8.03,0.296,PASS,false,false,L
430,2026-09-23 01:25:00.701+00,2026-09-23 01:45:00+00,uG5BuaszlLUcg0ptJxV9,823166,SHAY_WHITCOMB_1_MLB,batting_hits,0.5,over,0.897,0.6367,0.5998,0,0.5314,6.84,-130,4,2,6.13,0.216,PASS,true,false,W
434,2026-09-23 01:25:00.701+00,2026-09-23 01:45:00+00,uG5BuaszlLUcg0ptJxV9,823166,DREW_GILBERT_1_MLB,batting_hits,0.5,over,0.942,0.6561,0.6256,0,0.5689,5.67,-145,4,2,5.7,0.768,PASS,true,false,W
440,2026-09-23 01:25:00.701+00,2026-09-23 01:45:00+00,uG5BuaszlLUcg0ptJxV9,823166,SHAY_WHITCOMB_1_MLB,batting_totalBases,0.5,over,1.452,0.6295,0.595,0,0.5308,6.42,-130,2,2,5.26,0.216,PASS,true,false,W
445,2026-09-23 01:25:00.701+00,2026-09-23 01:45:00+00,uG5BuaszlLUcg0ptJxV9,823166,RYAN_KREIDLER_1_MLB,batting_hits,0.5,over,0.816,0.6007,0.5705,0,0.5142,5.63,-119,4,2,4.98,0.52,PASS,true,false,W
453,2026-09-23 01:25:00.701+00,2026-09-23 01:45:00+00,uG5BuaszlLUcg0ptJxV9,823166,DREW_GILBERT_1_MLB,batting_totalBases,0.5,over,1.552,0.6541,0.6202,0,0.5574,6.28,-148,2,2,3.93,0.768,PASS,true,false,W
455,2026-09-23 01:25:00.701+00,2026-09-23 01:45:00+00,uG5BuaszlLUcg0ptJxV9,823166,CHRISTIAN_KOSS_1_MLB,batting_hits,0.5,over,0.834,0.6094,0.5831,0,0.5343,4.88,-128,4,2,3.87,0.406,PASS,true,false,W
461,2026-09-23 01:25:00.701+00,2026-09-23 01:45:00+00,uG5BuaszlLUcg0ptJxV9,823166,BROOKS_LEE_1_MLB,batting_totalBases,1.5,over,1.841,0.4409,0.4295,0,0.4084,2.12,141,4,3,3.52,1,PASS,true,false,W
463,2026-09-23 01:25:00.701+00,2026-09-23 01:45:00+00,uG5BuaszlLUcg0ptJxV9,823166,JONAH_COX_1_MLB,batting_hits,0.5,over,1.013,0.6861,0.6576,0,0.6047,5.29,-175,4,2,3.34,0.296,PASS,false,false,L
469,2026-09-23 01:25:00.701+00,2026-09-23 01:45:00+00,uG5BuaszlLUcg0ptJxV9,823166,RYAN_KREIDLER_1_MLB,batting_totalBases,0.5,over,1.362,0.5964,0.569,0,0.5182,5.09,-124,2,2,2.79,0.52,PASS,true,false,W
489,2026-09-23 01:25:00.701+00,2026-09-23 01:45:00+00,uG5BuaszlLUcg0ptJxV9,823166,JONAH_COX_1_MLB,batting_totalBases,0.5,over,1.576,0.6803,0.6575,0,0.6152,4.23,-190,2,2,0.36,0.296,PASS,false,false,L
493,2026-09-23 01:25:00.701+00,2026-09-23 01:45:00+00,uG5BuaszlLUcg0ptJxV9,823166,CHRISTIAN_KOSS_1_MLB,batting_totalBases,0.5,over,1.264,0.6042,0.5837,0,0.5456,3.81,-140,2,2,0.06,0.406,PASS,true,false,W
504,2026-09-23 01:25:00.701+00,2026-09-23 01:45:00+00,uG5BuaszlLUcg0ptJxV9,823166,VICTOR_CARATINI_1_MLB,batting_hits,0.5,under,0.779,0.4168,0.413,0,0.4059,0.7,140,2,2,-0.88,0.75,PASS,true,false,W
507,2026-09-23 01:25:00.701+00,2026-09-23 01:45:00+00,uG5BuaszlLUcg0ptJxV9,823166,LUKE_KEASCHALL_1_MLB,batting_hits,0.5,over,1.102,0.7237,0.7036,0,0.6662,3.74,-245,1,1,-0.93,1,PASS,true,false,W
508,2026-09-23 01:25:00.701+00,2026-09-23 01:45:00+00,uG5BuaszlLUcg0ptJxV9,823166,BROOKS_LEE_1_MLB,batting_hits,0.5,over,1.075,0.7074,0.6875,0,0.6504,3.71,-227,3,1,-0.97,1,PASS,true,false,W
519,2026-09-23 01:25:00.701+00,2026-09-23 01:45:00+00,uG5BuaszlLUcg0ptJxV9,823166,LUKE_KEASCHALL_1_MLB,batting_totalBases,1.5,under,1.532,0.5877,0.581,0,0.5684,1.26,-145,3,3,-1.84,1,PASS,false,false,L
521,2026-09-23 01:25:00.701+00,2026-09-23 01:45:00+00,uG5BuaszlLUcg0ptJxV9,823166,VICTOR_CARATINI_1_MLB,batting_totalBases,0.5,under,1.141,0.419,0.4086,0,0.3892,1.94,140,2,2,-1.93,0.75,PASS,true,false,W
531,2026-09-23 01:25:00.701+00,2026-09-23 01:45:00+00,uG5BuaszlLUcg0ptJxV9,823166,LUKE_KEASCHALL_1_MLB,batting_hits,1.5,under,1.102,0.6945,0.682,0,0.6586,2.34,-235,1,1,-2.79,1,PASS,true,false,W
538,2026-09-23 01:25:00.701+00,2026-09-23 01:45:00+00,uG5BuaszlLUcg0ptJxV9,823166,JOSHUA_BELL_1_MLB,batting_hits,0.5,over,1.026,0.694,0.6837,0,0.6647,1.9,-241,4,2,-3.26,1,PASS,false,false,L
551,2026-09-23 01:25:00.701+00,2026-09-23 01:45:00+00,uG5BuaszlLUcg0ptJxV9,823166,JOSHUA_BELL_1_MLB,batting_totalBases,1.5,over,1.677,0.4181,0.416,0,0.4121,0.39,130,4,3,-4.32,1,PASS,false,false,L
553,2026-09-23 01:25:00.701+00,2026-09-23 01:45:00+00,uG5BuaszlLUcg0ptJxV9,823166,KODY_CLEMENS_1_MLB,batting_hits,0.5,over,0.961,0.6642,0.6579,0,0.6462,1.17,-221,4,2,-4.44,1,PASS,true,false,W
554,2026-09-23 01:25:00.701+00,2026-09-23 01:45:00+00,uG5BuaszlLUcg0ptJxV9,823166,LUKE_KEASCHALL_1_MLB,batting_totalBases,1.5,over,1.532,0.4123,0.419,0,0.4316,-1.26,128,4,3,-4.46,1,PASS,true,false,W
555,2026-09-23 01:25:00.701+00,2026-09-23 01:45:00+00,uG5BuaszlLUcg0ptJxV9,823166,KODY_CLEMENS_1_MLB,batting_totalBases,1.5,over,1.866,0.4359,0.4336,0,0.4295,0.42,120,4,3,-4.6,1,PASS,false,false,L
556,2026-09-23 01:25:00.701+00,2026-09-23 01:45:00+00,uG5BuaszlLUcg0ptJxV9,823166,VICTOR_CARATINI_1_MLB,batting_hits,0.5,over,0.779,0.5832,0.587,0,0.5941,-0.7,-160,4,2,-4.61,0.75,PASS,false,false,L
557,2026-09-23 01:25:00.701+00,2026-09-23 01:45:00+00,uG5BuaszlLUcg0ptJxV9,823166,BROOKS_LEE_1_MLB,batting_hits,1.5,under,1.075,0.7068,0.6988,0,0.6839,1.49,-275,1,1,-4.71,1,PASS,false,false,L
565,2026-09-23 01:25:00.701+00,2026-09-23 01:45:00+00,uG5BuaszlLUcg0ptJxV9,823166,ROYCE_LEWIS_1_MLB,batting_hits,0.5,over,0.851,0.6164,0.6135,0,0.6082,0.53,-183,4,2,-5.12,0.98,PASS,false,false,L
577,2026-09-23 01:25:00.701+00,2026-09-23 01:45:00+00,uG5BuaszlLUcg0ptJxV9,823166,ROYCE_LEWIS_1_MLB,batting_totalBases,0.5,over,1.422,0.6162,0.6139,0,0.6098,0.42,-190,2,2,-6.29,0.98,PASS,false,false,L
579,2026-09-23 01:25:00.701+00,2026-09-23 01:45:00+00,uG5BuaszlLUcg0ptJxV9,823166,KODY_CLEMENS_1_MLB,batting_totalBases,1.5,under,1.866,0.5641,0.5664,0,0.5705,-0.42,-154,3,3,-6.58,1,PASS,true,false,W
581,2026-09-23 01:25:00.701+00,2026-09-23 01:45:00+00,uG5BuaszlLUcg0ptJxV9,823166,JOSHUA_BELL_1_MLB,batting_totalBases,1.5,under,1.677,0.5819,0.584,0,0.5879,-0.39,-167,3,3,-6.63,1,PASS,true,false,W
585,2026-09-23 01:25:00.701+00,2026-09-23 01:45:00+00,uG5BuaszlLUcg0ptJxV9,823166,ROYCE_LEWIS_1_MLB,batting_hits,0.5,under,0.851,0.3836,0.3865,0,0.3918,-0.53,140,2,2,-7.24,0.98,PASS,true,false,W
586,2026-09-23 01:25:00.701+00,2026-09-23 01:45:00+00,uG5BuaszlLUcg0ptJxV9,823166,BROOKS_LEE_1_MLB,batting_totalBases,1.5,under,1.841,0.5591,0.5705,0,0.5916,-2.12,-160,3,3,-7.3,1,PASS,false,false,L
587,2026-09-23 01:25:00.701+00,2026-09-23 01:45:00+00,uG5BuaszlLUcg0ptJxV9,823166,ROYCE_LEWIS_1_MLB,batting_totalBases,0.5,under,1.422,0.3838,0.3861,0,0.3902,-0.42,140,2,2,-7.35,0.98,PASS,true,false,W
591,2026-09-23 01:25:00.701+00,2026-09-23 01:45:00+00,uG5BuaszlLUcg0ptJxV9,823166,LUKE_KEASCHALL_1_MLB,batting_hits,1.5,over,1.102,0.3055,0.318,0,0.3414,-2.34,190,3,1,-7.77,1,PASS,false,false,L
601,2026-09-23 01:25:00.701+00,2026-09-23 01:45:00+00,uG5BuaszlLUcg0ptJxV9,823166,ROYCE_LEWIS_1_MLB,batting_totalBases,1.5,over,1.422,0.3603,0.3603,0,,,153,2,0,-8.83,0.98,PASS,false,false,L
605,2026-09-23 01:25:00.701+00,2026-09-23 01:45:00+00,uG5BuaszlLUcg0ptJxV9,823166,KODY_CLEMENS_1_MLB,batting_hits,0.5,under,0.961,0.3358,0.3421,0,0.3538,-1.17,165,2,2,-9.34,1,PASS,false,false,L
609,2026-09-23 01:25:00.701+00,2026-09-23 01:45:00+00,uG5BuaszlLUcg0ptJxV9,823166,VICTOR_CARATINI_1_MLB,batting_totalBases,0.5,over,1.141,0.581,0.5914,0,0.6108,-1.94,-190,2,2,-9.74,0.75,PASS,false,false,L
615,2026-09-23 01:25:00.701+00,2026-09-23 01:45:00+00,uG5BuaszlLUcg0ptJxV9,823166,BROOKS_LEE_1_MLB,batting_hits,1.5,over,1.075,0.2932,0.3012,0,0.3161,-1.49,195,1,1,-11.14,1,PASS,true,false,W
619,2026-09-23 01:25:00.701+00,2026-09-23 01:45:00+00,uG5BuaszlLUcg0ptJxV9,823166,JOSHUA_BELL_1_MLB,batting_hits,0.5,under,1.026,0.306,0.3163,0,0.3353,-1.9,180,2,2,-11.44,1,PASS,true,false,W
638,2026-09-23 01:25:00.701+00,2026-09-23 01:45:00+00,uG5BuaszlLUcg0ptJxV9,823166,CHRISTIAN_KOSS_1_MLB,batting_totalBases,0.5,under,1.264,0.3958,0.4163,0,0.4544,-3.81,106,2,2,-14.24,0.406,PASS,false,false,L
641,2026-09-23 01:25:00.701+00,2026-09-23 01:45:00+00,uG5BuaszlLUcg0ptJxV9,823166,CHRISTIAN_KOSS_1_MLB,batting_hits,0.5,under,0.834,0.3906,0.4169,0,0.4657,-4.88,105,2,2,-14.54,0.406,PASS,false,false,L
644,2026-09-23 01:25:00.701+00,2026-09-23 01:45:00+00,uG5BuaszlLUcg0ptJxV9,823166,RYAN_KREIDLER_1_MLB,batting_totalBases,0.5,under,1.362,0.4036,0.431,0,0.4818,-5.09,-105,2,2,-15.85,0.52,PASS,false,false,L
650,2026-09-23 01:25:00.701+00,2026-09-23 01:45:00+00,uG5BuaszlLUcg0ptJxV9,823166,JONAH_COX_1_MLB,batting_totalBases,0.5,under,1.576,0.3197,0.3425,0,0.3848,-4.23,145,2,2,-16.09,0.296,PASS,true,false,W
651,2026-09-23 01:25:00.701+00,2026-09-23 01:45:00+00,uG5BuaszlLUcg0ptJxV9,823166,RYAN_KREIDLER_1_MLB,batting_hits,0.5,under,0.816,0.3993,0.4295,0,0.4858,-5.63,-105,2,2,-16.14,0.52,PASS,false,false,L
653,2026-09-23 01:25:00.701+00,2026-09-23 01:45:00+00,uG5BuaszlLUcg0ptJxV9,823166,BROOKS_LEE_1_MLB,batting_hits,0.5,under,1.075,0.2926,0.3125,0,0.3496,-3.71,168,1,1,-16.24,1,PASS,false,false,L
654,2026-09-23 01:25:00.701+00,2026-09-23 01:45:00+00,uG5BuaszlLUcg0ptJxV9,823166,DREW_GILBERT_1_MLB,batting_hits,0.5,under,0.942,0.3439,0.3744,0,0.4311,-5.67,123,2,2,-16.5,0.768,PASS,false,false,L
657,2026-09-23 01:25:00.701+00,2026-09-23 01:45:00+00,uG5BuaszlLUcg0ptJxV9,823166,LUKE_KEASCHALL_1_MLB,batting_hits,0.5,under,1.102,0.2763,0.2964,0,0.3338,-3.74,181,1,1,-16.7,1,PASS,false,false,L
660,2026-09-23 01:25:00.701+00,2026-09-23 01:45:00+00,uG5BuaszlLUcg0ptJxV9,823166,VICTOR_CARATINI_1_MLB,batting_totalBases,1.5,over,1.141,0.2742,0.2742,0,,,201,2,0,-17.47,0.75,PASS,false,false,L
662,2026-09-23 01:25:00.701+00,2026-09-23 01:45:00+00,uG5BuaszlLUcg0ptJxV9,823166,JONAH_COX_1_MLB,batting_hits,0.5,under,1.013,0.3139,0.3424,0,0.3953,-5.29,140,2,2,-17.83,0.296,PASS,true,false,W
670,2026-09-23 01:25:00.701+00,2026-09-23 01:45:00+00,uG5BuaszlLUcg0ptJxV9,823166,SHAY_WHITCOMB_1_MLB,batting_totalBases,0.5,under,1.452,0.3705,0.405,0,0.4692,-6.42,100,2,2,-18.99,0.216,PASS,false,false,L
676,2026-09-23 01:25:00.701+00,2026-09-23 01:45:00+00,uG5BuaszlLUcg0ptJxV9,823166,DREW_GILBERT_1_MLB,batting_totalBases,0.5,under,1.552,0.3459,0.3798,0,0.4426,-6.28,111,2,2,-19.87,0.768,PASS,false,false,L
677,2026-09-23 01:25:00.701+00,2026-09-23 01:45:00+00,uG5BuaszlLUcg0ptJxV9,823166,SHAY_WHITCOMB_1_MLB,batting_hits,0.5,under,0.897,0.3633,0.4002,0,0.4686,-6.84,100,2,2,-19.97,0.216,PASS,false,false,L
684,2026-09-23 01:25:00.701+00,2026-09-23 01:45:00+00,uG5BuaszlLUcg0ptJxV9,823166,DREW_CAVANAUGH_1_MLB,batting_totalBases,0.5,under,1.182,0.408,0.4572,0,0.5487,-9.15,-137,2,2,-20.9,0.314,PASS,true,false,W
688,2026-09-23 01:25:00.701+00,2026-09-23 01:45:00+00,uG5BuaszlLUcg0ptJxV9,823166,DREW_CAVANAUGH_1_MLB,batting_hits,0.5,under,0.809,0.402,0.4534,0,0.5487,-9.54,-137,2,2,-21.57,0.314,PASS,true,false,W
694,2026-09-23 01:25:00.701+00,2026-09-23 01:45:00+00,uG5BuaszlLUcg0ptJxV9,823166,TAJ_BRADLEY_1_MLB,pitching_strikeouts,6.5,under,7.628,0.3608,0.4263,0,0.5479,-12.16,-125,4,4,-23.26,1,PASS,true,false,W
740,2026-09-23 01:25:00.701+00,2026-09-23 01:45:00+00,uG5BuaszlLUcg0ptJxV9,823166,BRETT_HARRIS_1_MLB,batting_hits,0.5,over,,,,,,,-130,1,0,,0,PASS,false,false,L
741,2026-09-23 01:25:00.701+00,2026-09-23 01:45:00+00,uG5BuaszlLUcg0ptJxV9,823166,BRETT_HARRIS_1_MLB,batting_hits,0.5,under,,,,,,,,0,0,,0,PASS,true,false,W
742,2026-09-23 01:25:00.701+00,2026-09-23 01:45:00+00,uG5BuaszlLUcg0ptJxV9,823166,EMMANUEL_RODRIGUEZ_1_MLB,batting_hits,0.5,over,,,,,0.5816,,-149,4,2,,0,PASS,false,false,L
743,2026-09-23 01:25:00.701+00,2026-09-23 01:45:00+00,uG5BuaszlLUcg0ptJxV9,823166,EMMANUEL_RODRIGUEZ_1_MLB,batting_hits,0.5,under,,,,,0.4184,,135,2,2,,0,PASS,true,false,W
744,2026-09-23 01:25:00.701+00,2026-09-23 01:45:00+00,uG5BuaszlLUcg0ptJxV9,823166,MARCELO_MAYER_1_MLB,batting_hits,0.5,over,,,,,,,-170,1,0,,0,PASS,false,false,L
745,2026-09-23 01:25:00.701+00,2026-09-23 01:45:00+00,uG5BuaszlLUcg0ptJxV9,823166,MARCELO_MAYER_1_MLB,batting_hits,0.5,under,,,,,,,,0,0,,0,PASS,true,false,W
746,2026-09-23 01:25:00.701+00,2026-09-23 01:45:00+00,uG5BuaszlLUcg0ptJxV9,823166,OSLEIVIS_BASABE_1_MLB,batting_hits,0.5,over,,,,,,,-154,1,0,,0,PASS,false,false,L
747,2026-09-23 01:25:00.701+00,2026-09-23 01:45:00+00,uG5BuaszlLUcg0ptJxV9,823166,OSLEIVIS_BASABE_1_MLB,batting_hits,0.5,under,,,,,,,,0,0,,0,PASS,true,false,W
750,2026-09-23 01:25:00.701+00,2026-09-23 01:45:00+00,uG5BuaszlLUcg0ptJxV9,823166,BRETT_HARRIS_1_MLB,batting_totalBases,0.5,over,,,,,0.527,,-130,1,1,,0,PASS,false,false,L
751,2026-09-23 01:25:00.701+00,2026-09-23 01:45:00+00,uG5BuaszlLUcg0ptJxV9,823166,BRETT_HARRIS_1_MLB,batting_totalBases,0.5,under,,,,,0.473,,-103,1,1,,0,PASS,true,false,W
752,2026-09-23 01:25:00.701+00,2026-09-23 01:45:00+00,uG5BuaszlLUcg0ptJxV9,823166,CHRISTIAN_KOSS_1_MLB,batting_totalBases,1.5,under,1.264,0.6889,0.6889,0,,,,0,0,,0.406,PASS,true,false,W
753,2026-09-23 01:25:00.701+00,2026-09-23 01:45:00+00,uG5BuaszlLUcg0ptJxV9,823166,DREW_CAVANAUGH_1_MLB,batting_totalBases,1.5,under,1.182,0.7092,0.7092,0,,,,0,0,,0.314,PASS,true,false,W
754,2026-09-23 01:25:00.701+00,2026-09-23 01:45:00+00,uG5BuaszlLUcg0ptJxV9,823166,DREW_GILBERT_1_MLB,batting_totalBases,1.5,under,1.552,0.6181,0.6181,0,,,,0,0,,0.768,PASS,true,false,W
755,2026-09-23 01:25:00.701+00,2026-09-23 01:45:00+00,uG5BuaszlLUcg0ptJxV9,823166,EMMANUEL_RODRIGUEZ_1_MLB,batting_totalBases,0.5,over,,,,,0.5957,,-170,2,2,,0,PASS,false,false,L
756,2026-09-23 01:25:00.701+00,2026-09-23 01:45:00+00,uG5BuaszlLUcg0ptJxV9,823166,EMMANUEL_RODRIGUEZ_1_MLB,batting_totalBases,0.5,under,,,,,0.4043,,135,2,2,,0,PASS,true,false,W
757,2026-09-23 01:25:00.701+00,2026-09-23 01:45:00+00,uG5BuaszlLUcg0ptJxV9,823166,EMMANUEL_RODRIGUEZ_1_MLB,batting_totalBases,1.5,over,,,,,,,188,2,0,,0,PASS,false,false,L
758,2026-09-23 01:25:00.701+00,2026-09-23 01:45:00+00,uG5BuaszlLUcg0ptJxV9,823166,EMMANUEL_RODRIGUEZ_1_MLB,batting_totalBases,1.5,under,,,,,,,,0,0,,0,PASS,true,false,W
759,2026-09-23 01:25:00.701+00,2026-09-23 01:45:00+00,uG5BuaszlLUcg0ptJxV9,823166,JONAH_COX_1_MLB,batting_totalBases,1.5,under,1.576,0.6114,0.6114,0,,,,0,0,,0.296,PASS,true,false,W
760,2026-09-23 01:25:00.701+00,2026-09-23 01:45:00+00,uG5BuaszlLUcg0ptJxV9,823166,MARCELO_MAYER_1_MLB,batting_totalBases,0.5,over,,,,,0.57,,-157,1,1,,0,PASS,false,false,L
761,2026-09-23 01:25:00.701+00,2026-09-23 01:45:00+00,uG5BuaszlLUcg0ptJxV9,823166,MARCELO_MAYER_1_MLB,batting_totalBases,0.5,under,,,,,0.43,,117,1,1,,0,PASS,true,false,W
762,2026-09-23 01:25:00.701+00,2026-09-23 01:45:00+00,uG5BuaszlLUcg0ptJxV9,823166,OSLEIVIS_BASABE_1_MLB,batting_totalBases,0.5,over,,,,,0.553,,-145,1,1,,0,PASS,false,false,L
763,2026-09-23 01:25:00.701+00,2026-09-23 01:45:00+00,uG5BuaszlLUcg0ptJxV9,823166,OSLEIVIS_BASABE_1_MLB,batting_totalBases,0.5,under,,,,,0.447,,109,1,1,,0,PASS,true,false,W
764,2026-09-23 01:25:00.701+00,2026-09-23 01:45:00+00,uG5BuaszlLUcg0ptJxV9,823166,ROYCE_LEWIS_1_MLB,batting_totalBases,1.5,under,1.422,0.6397,0.6397,0,,,,0,0,,0.98,PASS,true,false,W
767,2026-09-23 01:25:00.701+00,2026-09-23 01:45:00+00,uG5BuaszlLUcg0ptJxV9,823166,ANTHONY_MOLINA_1_MLB,pitching_strikeouts,3.5,over,,,,,0.5652,,-141,4,4,,0,PASS,true,false,W
768,2026-09-23 01:25:00.701+00,2026-09-23 01:45:00+00,uG5BuaszlLUcg0ptJxV9,823166,ANTHONY_MOLINA_1_MLB,pitching_strikeouts,3.5,under,,,,,0.4348,,121,4,4,,0,PASS,false,false,L
771,2026-09-23 01:25:00.701+00,2026-09-23 01:45:00+00,uG5BuaszlLUcg0ptJxV9,823166,RYAN_KREIDLER_1_MLB,batting_totalBases,1.5,under,1.362,0.6672,0.6672,0,,,,0,0,,0.52,PASS,true,false,W
772,2026-09-23 01:25:00.701+00,2026-09-23 01:45:00+00,uG5BuaszlLUcg0ptJxV9,823166,SHAY_WHITCOMB_1_MLB,batting_totalBases,1.5,under,1.452,0.6441,0.6441,0,,,,0,0,,0.216,PASS,true,false,W
773,2026-09-23 01:25:00.701+00,2026-09-23 01:45:00+00,uG5BuaszlLUcg0ptJxV9,823166,VICTOR_CARATINI_1_MLB,batting_totalBases,1.5,under,1.141,0.7258,0.7258,0,,,,0,0,,0.75,PASS,true,false,W
21,2026-09-23 01:24:15.835+00,2026-09-23 02:10:00+00,udNYCIUFYnOmEOysdCwR,823897,MAX_MUNCY_1_MLB,batting_totalBases,1.5,over,1.847,0.4346,0.4346,0,,,160,2,0,12.99,1,PASS,false,false,L
36,2026-09-23 01:24:15.835+00,2026-09-23 02:10:00+00,udNYCIUFYnOmEOysdCwR,823897,MAX_MUNCY_1_MLB,batting_totalBases,0.5,over,1.847,0.6609,0.6235,0,0.5539,6.95,-143,2,2,5.95,1,PASS,false,false,L
39,2026-09-23 01:24:15.835+00,2026-09-23 02:10:00+00,udNYCIUFYnOmEOysdCwR,823897,TYLER_FRANCE_1_MLB,batting_totalBases,1.5,over,1.849,0.4506,0.4311,0,0.395,3.61,145,3,2,5.63,0.948,PASS,false,false,L
42,2026-09-23 01:24:15.835+00,2026-09-23 02:10:00+00,udNYCIUFYnOmEOysdCwR,823897,TYLER_FRANCE_1_MLB,batting_hits,0.5,over,1.078,0.7152,0.6845,0,0.6274,5.71,-185,4,2,5.45,0.948,PASS,false,false,L
50,2026-09-23 01:24:15.835+00,2026-09-23 02:10:00+00,udNYCIUFYnOmEOysdCwR,823897,MAX_MUNCY_1_MLB,batting_hits,0.5,over,0.947,0.6609,0.6246,0,0.5571,6.75,-147,4,2,4.95,1,PASS,false,false,L
52,2026-09-23 01:24:15.835+00,2026-09-23 02:10:00+00,udNYCIUFYnOmEOysdCwR,823897,JAKE_CRONENWORTH_1_MLB,batting_hits,0.5,over,0.748,0.5656,0.5364,0,0.4823,5.41,-105,4,2,4.73,0.806,PASS,false,false,L
53,2026-09-23 01:24:15.835+00,2026-09-23 02:10:00+00,udNYCIUFYnOmEOysdCwR,823897,JAKE_CRONENWORTH_1_MLB,batting_totalBases,0.5,over,1.089,0.5639,0.535,0,0.4813,5.37,-105,2,2,4.45,0.806,PASS,false,false,L
54,2026-09-23 01:24:15.835+00,2026-09-23 02:10:00+00,udNYCIUFYnOmEOysdCwR,823897,TEOSCAR_HERNANDEZ_1_MLB,batting_hits,0.5,over,0.969,0.6708,0.6417,0,0.5877,5.4,-160,4,2,4.28,0.938,PASS,true,false,W
55,2026-09-23 01:24:15.835+00,2026-09-23 02:10:00+00,udNYCIUFYnOmEOysdCwR,823897,FREDDIE_FREEMAN_1_MLB,batting_hits,0.5,over,1.129,0.7331,0.6985,0,0.6342,6.43,-203,4,2,4.26,1,PASS,true,false,W
58,2026-09-23 01:24:15.835+00,2026-09-23 02:10:00+00,udNYCIUFYnOmEOysdCwR,823897,LUIS_CAMPUSANO_1_MLB,batting_hits,0.5,over,0.818,0.6024,0.573,0,0.5183,5.47,-123,4,2,3.88,0.474,PASS,true,false,W
60,2026-09-23 01:24:15.835+00,2026-09-23 02:10:00+00,udNYCIUFYnOmEOysdCwR,823897,ANDY_PAGES_1_MLB,batting_hits,0.5,over,0.943,0.6606,0.6392,0,0.5994,3.97,-160,4,2,3.86,1,PASS,false,false,L
61,2026-09-23 01:24:15.835+00,2026-09-23 02:10:00+00,udNYCIUFYnOmEOysdCwR,823897,FREDDIE_FREEMAN_1_MLB,batting_totalBases,1.5,over,1.697,0.4421,0.4255,0,0.3946,3.08,144,4,3,3.82,1,PASS,true,false,W
63,2026-09-23 01:24:15.835+00,2026-09-23 02:10:00+00,udNYCIUFYnOmEOysdCwR,823897,TEOSCAR_HERNANDEZ_1_MLB,batting_totalBases,0.5,over,1.54,0.6703,0.6367,0,0.5743,6.24,-159,2,2,3.71,0.938,PASS,true,false,W
64,2026-09-23 01:24:15.835+00,2026-09-23 02:10:00+00,udNYCIUFYnOmEOysdCwR,823897,TYLER_FRANCE_1_MLB,batting_totalBases,0.5,over,1.849,0.7148,0.6786,0,0.6113,6.73,-190,1,1,3.57,0.948,PASS,false,false,L
66,2026-09-23 01:24:15.835+00,2026-09-23 02:10:00+00,udNYCIUFYnOmEOysdCwR,823897,ANDY_PAGES_1_MLB,batting_totalBases,1.5,over,1.59,0.3888,0.3888,0,,,166,2,0,3.41,1,PASS,false,false,L
70,2026-09-23 01:24:15.835+00,2026-09-23 02:10:00+00,udNYCIUFYnOmEOysdCwR,823897,LUIS_CAMPUSANO_1_MLB,batting_totalBases,0.5,over,1.325,0.5981,0.5717,0,0.5226,4.91,-125,2,2,2.9,0.474,PASS,true,false,W
72,2026-09-23 01:24:15.835+00,2026-09-23 02:10:00+00,udNYCIUFYnOmEOysdCwR,823897,ANDY_PAGES_1_MLB,batting_totalBases,0.5,over,1.59,0.6606,0.633,0,0.5818,5.12,-160,2,2,2.86,1,PASS,false,false,L
74,2026-09-23 01:24:15.835+00,2026-09-23 02:10:00+00,udNYCIUFYnOmEOysdCwR,823897,DUSTIN_HARRIS_1_MLB,batting_hits,0.5,over,0.975,0.6713,0.6459,0,0.5987,4.72,-170,3,1,2.58,0.252,PASS,false,false,L
80,2026-09-23 01:24:15.835+00,2026-09-23 02:10:00+00,udNYCIUFYnOmEOysdCwR,823897,JACKSON_MERRILL_1_MLB,batting_hits,0.5,over,0.945,0.6593,0.638,0,0.5985,3.96,-167,4,2,2.01,1,PASS,false,false,L
85,2026-09-23 01:24:15.835+00,2026-09-23 02:10:00+00,udNYCIUFYnOmEOysdCwR,823897,DUSTIN_HARRIS_1_MLB,batting_totalBases,0.5,over,1.455,0.6652,0.6383,0,0.5884,5,-170,1,1,1.38,0.252,PASS,false,false,L
88,2026-09-23 01:24:15.835+00,2026-09-23 02:10:00+00,udNYCIUFYnOmEOysdCwR,823897,JACKSON_MERRILL_1_MLB,batting_totalBases,1.5,over,1.648,0.3938,0.396,0,0.4002,-0.41,155,4,2,0.99,1,PASS,false,false,L
92,2026-09-23 01:24:15.835+00,2026-09-23 02:10:00+00,udNYCIUFYnOmEOysdCwR,823897,MANNY_MACHADO_1_MLB,batting_totalBases,1.5,under,1.468,0.6578,0.6351,0,0.5931,4.21,-172,2,2,0.44,1,PASS,true,false,W
95,2026-09-23 01:24:15.835+00,2026-09-23 02:10:00+00,udNYCIUFYnOmEOysdCwR,823897,FERNANDO_TATIS_JR_1_MLB,batting_hits,0.5,over,1.1,0.7188,0.6938,0,0.6472,4.65,-225,1,1,0.21,1,PASS,true,false,W
98,2026-09-23 01:24:15.835+00,2026-09-23 02:10:00+00,udNYCIUFYnOmEOysdCwR,823897,THOMAS_EDMAN_1_MLB,batting_hits,0.5,over,0.811,0.5996,0.5837,0,0.554,2.96,-140,4,2,0.06,0.622,PASS,true,false,W
99,2026-09-23 01:24:15.835+00,2026-09-23 02:10:00+00,udNYCIUFYnOmEOysdCwR,823897,THOMAS_EDMAN_1_MLB,batting_totalBases,0.5,over,1.259,0.5964,0.5777,0,0.5429,3.48,-137,2,2,-0.07,0.622,PASS,true,false,W
102,2026-09-23 01:24:15.835+00,2026-09-23 02:10:00+00,udNYCIUFYnOmEOysdCwR,823897,DUSTIN_HARRIS_1_MLB,batting_totalBases,1.5,over,1.455,0.3694,0.3694,0,,,170,2,0,-0.27,0.252,PASS,false,false,L
104,2026-09-23 01:24:15.835+00,2026-09-23 02:10:00+00,udNYCIUFYnOmEOysdCwR,823897,MOOKIE_BETTS_1_MLB,batting_hits,0.5,over,1.06,0.7016,0.6829,0,0.6481,3.48,-220,4,2,-0.67,1,PASS,true,false,W
107,2026-09-23 01:24:15.835+00,2026-09-23 02:10:00+00,udNYCIUFYnOmEOysdCwR,823897,MICHAEL_KING_1_MLB,pitching_strikeouts,4.5,under,4.223,0.5854,0.5785,0,0.5657,1.28,-140,4,4,-0.82,1,PASS,false,false,L
114,2026-09-23 01:24:15.835+00,2026-09-23 02:10:00+00,udNYCIUFYnOmEOysdCwR,823897,MOOKIE_BETTS_1_MLB,batting_totalBases,1.5,over,1.859,0.4451,0.4352,0,0.4169,1.83,127,4,3,-1.2,1,PASS,true,false,W
121,2026-09-23 01:24:15.835+00,2026-09-23 02:10:00+00,udNYCIUFYnOmEOysdCwR,823897,WILL_SMITH_2_MLB,batting_totalBases,1.5,under,1.472,0.6407,0.6271,0,0.6019,2.52,-176,2,2,-1.66,0.52,PASS,false,false,L
126,2026-09-23 01:24:15.835+00,2026-09-23 02:10:00+00,udNYCIUFYnOmEOysdCwR,823897,MANNY_MACHADO_1_MLB,batting_hits,0.5,under,0.791,0.414,0.4084,0,0.398,1.04,140,2,2,-1.99,1,PASS,true,false,W
129,2026-09-23 01:24:15.835+00,2026-09-23 02:10:00+00,udNYCIUFYnOmEOysdCwR,823897,KYLE_TUCKER_1_MLB,batting_hits,0.5,over,0.837,0.6098,0.597,0,0.5732,2.39,-157,4,2,-2.27,1,PASS,true,false,W
130,2026-09-23 01:24:15.835+00,2026-09-23 02:10:00+00,udNYCIUFYnOmEOysdCwR,823897,JAKE_CRONENWORTH_1_MLB,batting_totalBases,1.5,over,1.089,0.2647,0.2647,0,,,269,2,0,-2.33,0.806,PASS,false,false,L
131,2026-09-23 01:24:15.835+00,2026-09-23 02:10:00+00,udNYCIUFYnOmEOysdCwR,823897,WILL_SMITH_2_MLB,batting_hits,0.5,over,0.91,0.6443,0.6339,0,0.6147,1.92,-185,4,2,-2.34,0.52,PASS,true,false,W
134,2026-09-23 01:24:15.835+00,2026-09-23 02:10:00+00,udNYCIUFYnOmEOysdCwR,823897,FERNANDO_TATIS_JR_1_MLB,batting_totalBases,1.5,under,1.806,0.5569,0.5532,0,0.5462,0.7,-132,3,3,-2.77,1,PASS,true,false,W
136,2026-09-23 01:24:15.835+00,2026-09-23 02:10:00+00,udNYCIUFYnOmEOysdCwR,823897,KYLE_TUCKER_1_MLB,batting_totalBases,0.5,over,1.404,0.6098,0.5981,0,0.5763,2.18,-160,2,2,-2.81,1,PASS,true,false,W
138,2026-09-23 01:24:15.835+00,2026-09-23 02:10:00+00,udNYCIUFYnOmEOysdCwR,823897,XANDER_BOGAERTS_1_MLB,batting_totalBases,0.5,over,1.118,0.5681,0.5649,0,0.559,0.59,-140,2,2,-3.16,1,PASS,true,false,W
141,2026-09-23 01:24:15.835+00,2026-09-23 02:10:00+00,udNYCIUFYnOmEOysdCwR,823897,XANDER_BOGAERTS_1_MLB,batting_hits,0.5,over,0.754,0.5681,0.5644,0,0.5576,0.68,-140,4,2,-3.25,1,PASS,true,false,W
144,2026-09-23 01:24:15.835+00,2026-09-23 02:10:00+00,udNYCIUFYnOmEOysdCwR,823897,WILL_SMITH_2_MLB,batting_totalBases,0.5,over,1.472,0.6402,0.6275,0,0.604,2.35,-185,1,1,-3.33,0.52,PASS,true,false,W
146,2026-09-23 01:24:15.835+00,2026-09-23 02:10:00+00,udNYCIUFYnOmEOysdCwR,823897,THOMAS_EDMAN_1_MLB,batting_totalBases,1.5,over,1.259,0.3106,0.3106,0,,,211,2,0,-3.4,0.622,PASS,true,false,W
147,2026-09-23 01:24:15.835+00,2026-09-23 02:10:00+00,udNYCIUFYnOmEOysdCwR,823897,LUIS_CAMPUSANO_1_MLB,batting_totalBases,1.5,over,1.325,0.3291,0.3291,0,,,193,2,0,-3.58,0.474,PASS,true,false,W
150,2026-09-23 01:24:15.835+00,2026-09-23 02:10:00+00,udNYCIUFYnOmEOysdCwR,823897,FERNANDO_TATIS_JR_1_MLB,batting_hits,1.5,under,1.1,0.696,0.6872,0,0.6708,1.64,-251,1,1,-3.9,1,PASS,true,false,W
151,2026-09-23 01:24:15.835+00,2026-09-23 02:10:00+00,udNYCIUFYnOmEOysdCwR,823897,FERNANDO_TATIS_JR_1_MLB,batting_totalBases,1.5,over,1.806,0.4431,0.4468,0,0.4538,-0.7,115,4,3,-3.93,1,PASS,false,false,L
162,2026-09-23 01:24:15.835+00,2026-09-23 02:10:00+00,udNYCIUFYnOmEOysdCwR,823897,XANDER_BOGAERTS_1_MLB,batting_totalBases,0.5,under,1.118,0.4319,0.4351,0,0.441,-0.59,119,2,2,-4.71,1,PASS,false,false,L
166,2026-09-23 01:24:15.835+00,2026-09-23 02:10:00+00,udNYCIUFYnOmEOysdCwR,823897,KYLE_TUCKER_1_MLB,batting_totalBases,1.5,over,1.404,0.3458,0.3458,0,,,175,2,0,-4.92,1,PASS,false,false,L
167,2026-09-23 01:24:15.835+00,2026-09-23 02:10:00+00,udNYCIUFYnOmEOysdCwR,823897,XANDER_BOGAERTS_1_MLB,batting_hits,0.5,under,0.754,0.4319,0.4356,0,0.4424,-0.68,118,2,2,-5.03,1,PASS,false,false,L
170,2026-09-23 01:24:15.835+00,2026-09-23 02:10:00+00,udNYCIUFYnOmEOysdCwR,823897,JACKSON_MERRILL_1_MLB,batting_totalBases,1.5,under,1.648,0.6062,0.604,0,0.5998,0.41,-176,2,2,-5.29,1,PASS,true,false,W
171,2026-09-23 01:24:15.835+00,2026-09-23 02:10:00+00,udNYCIUFYnOmEOysdCwR,823897,TEOSCAR_HERNANDEZ_1_MLB,batting_totalBases,1.5,over,1.54,0.377,0.377,0,,,151,2,0,-5.36,0.938,PASS,false,false,L
174,2026-09-23 01:24:15.835+00,2026-09-23 02:10:00+00,udNYCIUFYnOmEOysdCwR,823897,MANNY_MACHADO_1_MLB,batting_totalBases,0.5,under,1.468,0.414,0.4112,0,0.4059,0.52,130,1,1,-5.43,1,PASS,true,false,W
177,2026-09-23 01:24:15.835+00,2026-09-23 02:10:00+00,udNYCIUFYnOmEOysdCwR,823897,MICHAEL_KING_1_MLB,pitching_strikeouts,4.5,over,4.223,0.4146,0.4215,0,0.4343,-1.28,124,4,4,-5.59,1,PASS,true,false,W
188,2026-09-23 01:24:15.835+00,2026-09-23 02:10:00+00,udNYCIUFYnOmEOysdCwR,823897,MANNY_MACHADO_1_MLB,batting_hits,0.5,over,0.791,0.586,0.5916,0,0.602,-1.04,-175,4,2,-7.03,1,PASS,false,false,L
192,2026-09-23 01:24:15.835+00,2026-09-23 02:10:00+00,udNYCIUFYnOmEOysdCwR,823897,MANNY_MACHADO_1_MLB,batting_totalBases,0.5,over,1.468,0.586,0.5888,0,0.5941,-0.52,-175,1,1,-7.47,1,PASS,false,false,L
194,2026-09-23 01:24:15.835+00,2026-09-23 02:10:00+00,udNYCIUFYnOmEOysdCwR,823897,FERNANDO_TATIS_JR_1_MLB,batting_hits,1.5,over,1.1,0.304,0.3128,0,0.3292,-1.64,195,3,1,-7.72,1,PASS,false,false,L
199,2026-09-23 01:24:15.835+00,2026-09-23 02:10:00+00,udNYCIUFYnOmEOysdCwR,823897,MOOKIE_BETTS_1_MLB,batting_totalBases,1.5,under,1.859,0.5549,0.5648,0,0.5831,-1.83,-160,3,3,-8.22,1,PASS,false,false,L
201,2026-09-23 01:24:15.835+00,2026-09-23 02:10:00+00,udNYCIUFYnOmEOysdCwR,823897,WILL_SMITH_2_MLB,batting_hits,0.5,under,0.91,0.3557,0.3661,0,0.3853,-1.92,150,2,2,-8.49,0.52,PASS,false,false,L
214,2026-09-23 01:24:15.835+00,2026-09-23 02:10:00+00,udNYCIUFYnOmEOysdCwR,823897,FREDDIE_FREEMAN_1_MLB,batting_totalBases,1.5,under,1.697,0.5579,0.5745,0,0.6054,-3.08,-176,3,3,-9.9,1,PASS,false,false,L
215,2026-09-23 01:24:15.835+00,2026-09-23 02:10:00+00,udNYCIUFYnOmEOysdCwR,823897,ANDY_PAGES_1_MLB,batting_hits,0.5,under,0.943,0.3394,0.3608,0,0.4006,-3.97,149,2,2,-10.15,1,PASS,true,false,W
218,2026-09-23 01:24:15.835+00,2026-09-23 02:10:00+00,udNYCIUFYnOmEOysdCwR,823897,THOMAS_EDMAN_1_MLB,batting_hits,0.5,under,0.811,0.4004,0.4163,0,0.446,-2.96,114,2,2,-10.91,0.622,PASS,false,false,L
220,2026-09-23 01:24:15.835+00,2026-09-23 02:10:00+00,udNYCIUFYnOmEOysdCwR,823897,KYLE_TUCKER_1_MLB,batting_totalBases,0.5,under,1.404,0.3902,0.4019,0,0.4237,-2.18,121,2,2,-11.18,1,PASS,false,false,L
221,2026-09-23 01:24:15.835+00,2026-09-23 02:10:00+00,udNYCIUFYnOmEOysdCwR,823897,WILL_SMITH_2_MLB,batting_totalBases,1.5,over,1.472,0.3593,0.3729,0,0.3981,-2.52,138,3,2,-11.25,0.52,PASS,true,false,W
222,2026-09-23 01:24:15.835+00,2026-09-23 02:10:00+00,udNYCIUFYnOmEOysdCwR,823897,KYLE_TUCKER_1_MLB,batting_hits,0.5,under,0.837,0.3902,0.403,0,0.4268,-2.39,120,2,2,-11.34,1,PASS,false,false,L
224,2026-09-23 01:24:15.835+00,2026-09-23 02:10:00+00,udNYCIUFYnOmEOysdCwR,823897,TYLER_FRANCE_1_MLB,batting_totalBases,1.5,under,1.849,0.5494,0.5689,0,0.605,-3.61,-180,2,2,-11.51,0.948,PASS,true,false,W
229,2026-09-23 01:24:15.835+00,2026-09-23 02:10:00+00,udNYCIUFYnOmEOysdCwR,823897,WILL_SMITH_2_MLB,batting_totalBases,0.5,under,1.472,0.3598,0.3725,0,0.396,-2.35,135,1,1,-12.47,0.52,PASS,false,false,L
233,2026-09-23 01:24:15.835+00,2026-09-23 02:10:00+00,udNYCIUFYnOmEOysdCwR,823897,JACKSON_MERRILL_1_MLB,batting_hits,0.5,under,0.945,0.3407,0.362,0,0.4015,-3.96,140,2,2,-13.13,1,PASS,true,false,W
234,2026-09-23 01:24:15.835+00,2026-09-23 02:10:00+00,udNYCIUFYnOmEOysdCwR,823897,THOMAS_EDMAN_1_MLB,batting_totalBases,0.5,under,1.259,0.4036,0.4223,0,0.4571,-3.48,105,2,2,-13.42,0.622,PASS,false,false,L
247,2026-09-23 01:24:15.835+00,2026-09-23 02:10:00+00,udNYCIUFYnOmEOysdCwR,823897,MOOKIE_BETTS_1_MLB,batting_hits,0.5,under,1.06,0.2984,0.3171,0,0.3519,-3.48,167,2,2,-15.33,1,PASS,false,false,L
249,2026-09-23 01:24:15.835+00,2026-09-23 02:10:00+00,udNYCIUFYnOmEOysdCwR,823897,JAKE_CRONENWORTH_1_MLB,batting_hits,0.5,under,0.748,0.4344,0.4636,0,0.5177,-5.41,-123,2,2,-15.95,0.806,PASS,true,false,W
251,2026-09-23 01:24:15.835+00,2026-09-23 02:10:00+00,udNYCIUFYnOmEOysdCwR,823897,JAKE_CRONENWORTH_1_MLB,batting_totalBases,0.5,under,1.089,0.4361,0.465,0,0.5187,-5.37,-124,2,2,-15.99,0.806,PASS,true,false,W
252,2026-09-23 01:24:15.835+00,2026-09-23 02:10:00+00,udNYCIUFYnOmEOysdCwR,823897,LUIS_CAMPUSANO_1_MLB,batting_totalBases,0.5,under,1.325,0.4019,0.4283,0,0.4774,-4.91,-104,2,2,-15.99,0.474,PASS,false,false,L
253,2026-09-23 01:24:15.835+00,2026-09-23 02:10:00+00,udNYCIUFYnOmEOysdCwR,823897,MANNY_MACHADO_1_MLB,batting_totalBases,1.5,over,1.468,0.3422,0.3649,0,0.4069,-4.21,130,3,2,-16.08,1,PASS,false,false,L
256,2026-09-23 01:24:15.835+00,2026-09-23 02:10:00+00,udNYCIUFYnOmEOysdCwR,823897,TEOSCAR_HERNANDEZ_1_MLB,batting_hits,0.5,under,0.969,0.3292,0.3583,0,0.4123,-5.4,134,2,2,-16.16,0.938,PASS,false,false,L
259,2026-09-23 01:24:15.835+00,2026-09-23 02:10:00+00,udNYCIUFYnOmEOysdCwR,823897,LUIS_CAMPUSANO_1_MLB,batting_hits,0.5,under,0.818,0.3976,0.427,0,0.4817,-5.47,-105,2,2,-16.63,0.474,PASS,false,false,L
260,2026-09-23 01:24:15.835+00,2026-09-23 02:10:00+00,udNYCIUFYnOmEOysdCwR,823897,ANDY_PAGES_1_MLB,batting_totalBases,0.5,under,1.59,0.3394,0.367,0,0.4182,-5.12,127,2,2,-16.69,1,PASS,true,false,W
262,2026-09-23 01:24:15.835+00,2026-09-23 02:10:00+00,udNYCIUFYnOmEOysdCwR,823897,TYLER_FRANCE_1_MLB,batting_hits,0.5,under,1.078,0.2848,0.3155,0,0.3726,-5.71,163,2,2,-17.02,0.948,PASS,true,false,W
265,2026-09-23 01:24:15.835+00,2026-09-23 02:10:00+00,udNYCIUFYnOmEOysdCwR,823897,DUSTIN_HARRIS_1_MLB,batting_hits,0.5,under,0.975,0.3287,0.3541,0,0.4013,-4.72,133,1,1,-17.49,0.252,PASS,true,false,W
268,2026-09-23 01:24:15.835+00,2026-09-23 02:10:00+00,udNYCIUFYnOmEOysdCwR,823897,DUSTIN_HARRIS_1_MLB,batting_totalBases,0.5,under,1.455,0.3348,0.3617,0,0.4116,-5,127,1,1,-17.9,0.252,PASS,true,false,W
270,2026-09-23 01:24:15.835+00,2026-09-23 02:10:00+00,udNYCIUFYnOmEOysdCwR,823897,FERNANDO_TATIS_JR_1_MLB,batting_hits,0.5,under,1.1,0.2812,0.3062,0,0.3528,-4.65,165,1,1,-18.85,1,PASS,false,false,L
282,2026-09-23 01:24:15.835+00,2026-09-23 02:10:00+00,udNYCIUFYnOmEOysdCwR,823897,TEOSCAR_HERNANDEZ_1_MLB,batting_totalBases,0.5,under,1.54,0.3297,0.3633,0,0.4257,-6.24,120,2,2,-20.07,0.938,PASS,false,false,L
286,2026-09-23 01:24:15.835+00,2026-09-23 02:10:00+00,udNYCIUFYnOmEOysdCwR,823897,MAX_MUNCY_1_MLB,batting_hits,0.5,under,0.947,0.3391,0.3754,0,0.4429,-6.75,111,2,2,-20.79,1,PASS,true,false,W
290,2026-09-23 01:24:15.835+00,2026-09-23 02:10:00+00,udNYCIUFYnOmEOysdCwR,823897,MAX_MUNCY_1_MLB,batting_totalBases,0.5,under,1.847,0.3391,0.3765,0,0.4461,-6.95,110,2,2,-20.93,1,PASS,true,false,W
293,2026-09-23 01:24:15.835+00,2026-09-23 02:10:00+00,udNYCIUFYnOmEOysdCwR,823897,FREDDIE_FREEMAN_1_MLB,batting_hits,0.5,under,1.129,0.2669,0.3015,0,0.3658,-6.43,160,2,2,-21.61,1,PASS,false,false,L
297,2026-09-23 01:24:15.835+00,2026-09-23 02:10:00+00,udNYCIUFYnOmEOysdCwR,823897,TYLER_FRANCE_1_MLB,batting_totalBases,0.5,under,1.849,0.2852,0.3214,0,0.3887,-6.73,140,1,1,-22.86,0.948,PASS,true,false,W
302,2026-09-23 01:24:15.835+00,2026-09-23 02:10:00+00,udNYCIUFYnOmEOysdCwR,823897,XANDER_BOGAERTS_1_MLB,batting_totalBases,1.5,over,1.118,0.2708,0.2708,0,,,177,2,0,-24.99,1,PASS,false,false,L
378,2026-09-23 01:24:15.835+00,2026-09-23 02:10:00+00,udNYCIUFYnOmEOysdCwR,823897,ANDY_PAGES_1_MLB,batting_totalBases,1.5,under,1.59,0.6112,0.6112,0,,,,0,0,,1,PASS,true,false,W
379,2026-09-23 01:24:15.835+00,2026-09-23 02:10:00+00,udNYCIUFYnOmEOysdCwR,823897,DUSTIN_HARRIS_1_MLB,batting_totalBases,1.5,under,1.455,0.6306,0.6306,0,,,,0,0,,0.252,PASS,true,false,W
380,2026-09-23 01:24:15.835+00,2026-09-23 02:10:00+00,udNYCIUFYnOmEOysdCwR,823897,JAKE_CRONENWORTH_1_MLB,batting_totalBases,1.5,under,1.089,0.7353,0.7353,0,,,,0,0,,0.806,PASS,true,false,W
381,2026-09-23 01:24:15.835+00,2026-09-23 02:10:00+00,udNYCIUFYnOmEOysdCwR,823897,KYLE_TUCKER_1_MLB,batting_totalBases,1.5,under,1.404,0.6542,0.6542,0,,,,0,0,,1,PASS,true,false,W
382,2026-09-23 01:24:15.835+00,2026-09-23 02:10:00+00,udNYCIUFYnOmEOysdCwR,823897,LUIS_CAMPUSANO_1_MLB,batting_totalBases,1.5,under,1.325,0.6709,0.6709,0,,,,0,0,,0.474,PASS,false,false,L
383,2026-09-23 01:24:15.835+00,2026-09-23 02:10:00+00,udNYCIUFYnOmEOysdCwR,823897,MAX_MUNCY_1_MLB,batting_totalBases,1.5,under,1.847,0.5654,0.5654,0,,,,0,0,,1,PASS,true,false,W
384,2026-09-23 01:24:15.835+00,2026-09-23 02:10:00+00,udNYCIUFYnOmEOysdCwR,823897,SAMAD_TAYLOR_1_MLB,batting_totalBases,0.5,over,,,,,0.5249,,-129,1,1,,0,PASS,false,false,L
385,2026-09-23 01:24:15.835+00,2026-09-23 02:10:00+00,udNYCIUFYnOmEOysdCwR,823897,SAMAD_TAYLOR_1_MLB,batting_totalBases,0.5,under,,,,,0.4751,,-104,1,1,,0,PASS,true,false,W
386,2026-09-23 01:24:15.835+00,2026-09-23 02:10:00+00,udNYCIUFYnOmEOysdCwR,823897,TEOSCAR_HERNANDEZ_1_MLB,batting_totalBases,1.5,under,1.54,0.623,0.623,0,,,,0,0,,0.938,PASS,true,false,W
387,2026-09-23 01:24:15.835+00,2026-09-23 02:10:00+00,udNYCIUFYnOmEOysdCwR,823897,THOMAS_EDMAN_1_MLB,batting_totalBases,1.5,under,1.259,0.6894,0.6894,0,,,,0,0,,0.622,PASS,false,false,L
388,2026-09-23 01:24:15.835+00,2026-09-23 02:10:00+00,udNYCIUFYnOmEOysdCwR,823897,XANDER_BOGAERTS_1_MLB,batting_totalBases,1.5,under,1.118,0.7292,0.7292,0,,,,0,0,,1,PASS,true,false,W
389,2026-09-23 01:24:15.835+00,2026-09-23 02:10:00+00,udNYCIUFYnOmEOysdCwR,823897,SAMAD_TAYLOR_1_MLB,batting_hits,0.5,over,,,,,,,-127,1,0,,0,PASS,false,false,L
390,2026-09-23 01:24:15.835+00,2026-09-23 02:10:00+00,udNYCIUFYnOmEOysdCwR,823897,SAMAD_TAYLOR_1_MLB,batting_hits,0.5,under,,,,,,,,0,0,,0,PASS,true,false,W
391,2026-09-23 01:24:15.835+00,2026-09-23 02:10:00+00,udNYCIUFYnOmEOysdCwR,823897,AUSTIN_HAYS_1_MLB,batting_hits,0.5,over,,,,,0.5574,,-148,4,2,,0,PASS,false,false,L
392,2026-09-23 01:24:15.835+00,2026-09-23 02:10:00+00,udNYCIUFYnOmEOysdCwR,823897,AUSTIN_HAYS_1_MLB,batting_hits,0.5,under,,,,,0.4426,,111,2,2,,0,PASS,true,false,W
393,2026-09-23 01:24:15.835+00,2026-09-23 02:10:00+00,udNYCIUFYnOmEOysdCwR,823897,AUSTIN_HAYS_1_MLB,batting_totalBases,0.5,over,,,,,0.5575,,-150,1,1,,0,PASS,false,false,L
394,2026-09-23 01:24:15.835+00,2026-09-23 02:10:00+00,udNYCIUFYnOmEOysdCwR,823897,AUSTIN_HAYS_1_MLB,batting_totalBases,0.5,under,,,,,0.4425,,110,1,1,,0,PASS,true,false,W
395,2026-09-23 01:24:15.835+00,2026-09-23 02:10:00+00,udNYCIUFYnOmEOysdCwR,823897,AUSTIN_HAYS_1_MLB,batting_totalBases,1.5,over,,,,,,,181,2,0,,0,PASS,false,false,L
396,2026-09-23 01:24:15.835+00,2026-09-23 02:10:00+00,udNYCIUFYnOmEOysdCwR,823897,AUSTIN_HAYS_1_MLB,batting_totalBases,1.5,under,,,,,,,,0,0,,0,PASS,true,false,W
417,2026-09-23 01:25:00.701+00,2026-09-23 02:10:00+00,udNYCIUFYnOmEOysdCwR,823897,MAX_MUNCY_1_MLB,batting_totalBases,1.5,over,1.847,0.4346,0.4346,0,,,160,2,0,12.99,1,PASS,false,false,L
432,2026-09-23 01:25:00.701+00,2026-09-23 02:10:00+00,udNYCIUFYnOmEOysdCwR,823897,MAX_MUNCY_1_MLB,batting_totalBases,0.5,over,1.847,0.6609,0.6235,0,0.5539,6.95,-143,2,2,5.95,1,PASS,false,false,L
435,2026-09-23 01:25:00.701+00,2026-09-23 02:10:00+00,udNYCIUFYnOmEOysdCwR,823897,TYLER_FRANCE_1_MLB,batting_totalBases,1.5,over,1.849,0.4506,0.4311,0,0.395,3.61,145,3,2,5.63,0.948,PASS,false,false,L
438,2026-09-23 01:25:00.701+00,2026-09-23 02:10:00+00,udNYCIUFYnOmEOysdCwR,823897,TYLER_FRANCE_1_MLB,batting_hits,0.5,over,1.078,0.7152,0.6845,0,0.6274,5.71,-185,4,2,5.45,0.948,PASS,false,false,L
446,2026-09-23 01:25:00.701+00,2026-09-23 02:10:00+00,udNYCIUFYnOmEOysdCwR,823897,MAX_MUNCY_1_MLB,batting_hits,0.5,over,0.947,0.6609,0.6246,0,0.5571,6.75,-147,4,2,4.95,1,PASS,false,false,L
448,2026-09-23 01:25:00.701+00,2026-09-23 02:10:00+00,udNYCIUFYnOmEOysdCwR,823897,JAKE_CRONENWORTH_1_MLB,batting_hits,0.5,over,0.748,0.5656,0.5364,0,0.4823,5.41,-105,4,2,4.73,0.806,PASS,false,false,L
449,2026-09-23 01:25:00.701+00,2026-09-23 02:10:00+00,udNYCIUFYnOmEOysdCwR,823897,JAKE_CRONENWORTH_1_MLB,batting_totalBases,0.5,over,1.089,0.5639,0.535,0,0.4813,5.37,-105,2,2,4.45,0.806,PASS,false,false,L
450,2026-09-23 01:25:00.701+00,2026-09-23 02:10:00+00,udNYCIUFYnOmEOysdCwR,823897,TEOSCAR_HERNANDEZ_1_MLB,batting_hits,0.5,over,0.969,0.6708,0.6417,0,0.5877,5.4,-160,4,2,4.28,0.938,PASS,true,false,W
451,2026-09-23 01:25:00.701+00,2026-09-23 02:10:00+00,udNYCIUFYnOmEOysdCwR,823897,FREDDIE_FREEMAN_1_MLB,batting_hits,0.5,over,1.129,0.7331,0.6985,0,0.6342,6.43,-203,4,2,4.26,1,PASS,true,false,W
454,2026-09-23 01:25:00.701+00,2026-09-23 02:10:00+00,udNYCIUFYnOmEOysdCwR,823897,LUIS_CAMPUSANO_1_MLB,batting_hits,0.5,over,0.818,0.6024,0.573,0,0.5183,5.47,-123,4,2,3.88,0.474,PASS,true,false,W
456,2026-09-23 01:25:00.701+00,2026-09-23 02:10:00+00,udNYCIUFYnOmEOysdCwR,823897,ANDY_PAGES_1_MLB,batting_hits,0.5,over,0.943,0.6606,0.6392,0,0.5994,3.97,-160,4,2,3.86,1,PASS,false,false,L
457,2026-09-23 01:25:00.701+00,2026-09-23 02:10:00+00,udNYCIUFYnOmEOysdCwR,823897,FREDDIE_FREEMAN_1_MLB,batting_totalBases,1.5,over,1.697,0.4421,0.4255,0,0.3946,3.08,144,4,3,3.82,1,PASS,true,false,W
459,2026-09-23 01:25:00.701+00,2026-09-23 02:10:00+00,udNYCIUFYnOmEOysdCwR,823897,TEOSCAR_HERNANDEZ_1_MLB,batting_totalBases,0.5,over,1.54,0.6703,0.6367,0,0.5743,6.24,-159,2,2,3.71,0.938,PASS,true,false,W
460,2026-09-23 01:25:00.701+00,2026-09-23 02:10:00+00,udNYCIUFYnOmEOysdCwR,823897,TYLER_FRANCE_1_MLB,batting_totalBases,0.5,over,1.849,0.7148,0.6786,0,0.6113,6.73,-190,1,1,3.57,0.948,PASS,false,false,L
462,2026-09-23 01:25:00.701+00,2026-09-23 02:10:00+00,udNYCIUFYnOmEOysdCwR,823897,ANDY_PAGES_1_MLB,batting_totalBases,1.5,over,1.59,0.3888,0.3888,0,,,166,2,0,3.41,1,PASS,false,false,L
466,2026-09-23 01:25:00.701+00,2026-09-23 02:10:00+00,udNYCIUFYnOmEOysdCwR,823897,LUIS_CAMPUSANO_1_MLB,batting_totalBases,0.5,over,1.325,0.5981,0.5717,0,0.5226,4.91,-125,2,2,2.9,0.474,PASS,true,false,W
468,2026-09-23 01:25:00.701+00,2026-09-23 02:10:00+00,udNYCIUFYnOmEOysdCwR,823897,ANDY_PAGES_1_MLB,batting_totalBases,0.5,over,1.59,0.6606,0.633,0,0.5818,5.12,-160,2,2,2.86,1,PASS,false,false,L
470,2026-09-23 01:25:00.701+00,2026-09-23 02:10:00+00,udNYCIUFYnOmEOysdCwR,823897,DUSTIN_HARRIS_1_MLB,batting_hits,0.5,over,0.975,0.6713,0.6459,0,0.5987,4.72,-170,3,1,2.58,0.252,PASS,false,false,L
476,2026-09-23 01:25:00.701+00,2026-09-23 02:10:00+00,udNYCIUFYnOmEOysdCwR,823897,JACKSON_MERRILL_1_MLB,batting_hits,0.5,over,0.945,0.6593,0.638,0,0.5985,3.96,-167,4,2,2.01,1,PASS,false,false,L
481,2026-09-23 01:25:00.701+00,2026-09-23 02:10:00+00,udNYCIUFYnOmEOysdCwR,823897,DUSTIN_HARRIS_1_MLB,batting_totalBases,0.5,over,1.455,0.6652,0.6383,0,0.5884,5,-170,1,1,1.38,0.252,PASS,false,false,L
484,2026-09-23 01:25:00.701+00,2026-09-23 02:10:00+00,udNYCIUFYnOmEOysdCwR,823897,JACKSON_MERRILL_1_MLB,batting_totalBases,1.5,over,1.648,0.3938,0.396,0,0.4002,-0.41,155,4,2,0.99,1,PASS,false,false,L
488,2026-09-23 01:25:00.701+00,2026-09-23 02:10:00+00,udNYCIUFYnOmEOysdCwR,823897,MANNY_MACHADO_1_MLB,batting_totalBases,1.5,under,1.468,0.6578,0.6351,0,0.5931,4.21,-172,2,2,0.44,1,PASS,true,false,W
491,2026-09-23 01:25:00.701+00,2026-09-23 02:10:00+00,udNYCIUFYnOmEOysdCwR,823897,FERNANDO_TATIS_JR_1_MLB,batting_hits,0.5,over,1.1,0.7188,0.6938,0,0.6472,4.65,-225,1,1,0.21,1,PASS,true,false,W
494,2026-09-23 01:25:00.701+00,2026-09-23 02:10:00+00,udNYCIUFYnOmEOysdCwR,823897,THOMAS_EDMAN_1_MLB,batting_hits,0.5,over,0.811,0.5996,0.5837,0,0.554,2.96,-140,4,2,0.06,0.622,PASS,true,false,W
495,2026-09-23 01:25:00.701+00,2026-09-23 02:10:00+00,udNYCIUFYnOmEOysdCwR,823897,THOMAS_EDMAN_1_MLB,batting_totalBases,0.5,over,1.259,0.5964,0.5777,0,0.5429,3.48,-137,2,2,-0.07,0.622,PASS,true,false,W
498,2026-09-23 01:25:00.701+00,2026-09-23 02:10:00+00,udNYCIUFYnOmEOysdCwR,823897,DUSTIN_HARRIS_1_MLB,batting_totalBases,1.5,over,1.455,0.3694,0.3694,0,,,170,2,0,-0.27,0.252,PASS,false,false,L
500,2026-09-23 01:25:00.701+00,2026-09-23 02:10:00+00,udNYCIUFYnOmEOysdCwR,823897,MOOKIE_BETTS_1_MLB,batting_hits,0.5,over,1.06,0.7016,0.6829,0,0.6481,3.48,-220,4,2,-0.67,1,PASS,true,false,W
503,2026-09-23 01:25:00.701+00,2026-09-23 02:10:00+00,udNYCIUFYnOmEOysdCwR,823897,MICHAEL_KING_1_MLB,pitching_strikeouts,4.5,under,4.223,0.5854,0.5785,0,0.5657,1.28,-140,4,4,-0.82,1,PASS,false,false,L
510,2026-09-23 01:25:00.701+00,2026-09-23 02:10:00+00,udNYCIUFYnOmEOysdCwR,823897,MOOKIE_BETTS_1_MLB,batting_totalBases,1.5,over,1.859,0.4451,0.4352,0,0.4169,1.83,127,4,3,-1.2,1,PASS,true,false,W
517,2026-09-23 01:25:00.701+00,2026-09-23 02:10:00+00,udNYCIUFYnOmEOysdCwR,823897,WILL_SMITH_2_MLB,batting_totalBases,1.5,under,1.472,0.6407,0.6271,0,0.6019,2.52,-176,2,2,-1.66,0.52,PASS,false,false,L
522,2026-09-23 01:25:00.701+00,2026-09-23 02:10:00+00,udNYCIUFYnOmEOysdCwR,823897,MANNY_MACHADO_1_MLB,batting_hits,0.5,under,0.791,0.414,0.4084,0,0.398,1.04,140,2,2,-1.99,1,PASS,true,false,W
525,2026-09-23 01:25:00.701+00,2026-09-23 02:10:00+00,udNYCIUFYnOmEOysdCwR,823897,KYLE_TUCKER_1_MLB,batting_hits,0.5,over,0.837,0.6098,0.597,0,0.5732,2.39,-157,4,2,-2.27,1,PASS,true,false,W
526,2026-09-23 01:25:00.701+00,2026-09-23 02:10:00+00,udNYCIUFYnOmEOysdCwR,823897,JAKE_CRONENWORTH_1_MLB,batting_totalBases,1.5,over,1.089,0.2647,0.2647,0,,,269,2,0,-2.33,0.806,PASS,false,false,L
527,2026-09-23 01:25:00.701+00,2026-09-23 02:10:00+00,udNYCIUFYnOmEOysdCwR,823897,WILL_SMITH_2_MLB,batting_hits,0.5,over,0.91,0.6443,0.6339,0,0.6147,1.92,-185,4,2,-2.34,0.52,PASS,true,false,W
530,2026-09-23 01:25:00.701+00,2026-09-23 02:10:00+00,udNYCIUFYnOmEOysdCwR,823897,FERNANDO_TATIS_JR_1_MLB,batting_totalBases,1.5,under,1.806,0.5569,0.5532,0,0.5462,0.7,-132,3,3,-2.77,1,PASS,true,false,W
532,2026-09-23 01:25:00.701+00,2026-09-23 02:10:00+00,udNYCIUFYnOmEOysdCwR,823897,KYLE_TUCKER_1_MLB,batting_totalBases,0.5,over,1.404,0.6098,0.5981,0,0.5763,2.18,-160,2,2,-2.81,1,PASS,true,false,W
534,2026-09-23 01:25:00.701+00,2026-09-23 02:10:00+00,udNYCIUFYnOmEOysdCwR,823897,XANDER_BOGAERTS_1_MLB,batting_totalBases,0.5,over,1.118,0.5681,0.5649,0,0.559,0.59,-140,2,2,-3.16,1,PASS,true,false,W
537,2026-09-23 01:25:00.701+00,2026-09-23 02:10:00+00,udNYCIUFYnOmEOysdCwR,823897,XANDER_BOGAERTS_1_MLB,batting_hits,0.5,over,0.754,0.5681,0.5644,0,0.5576,0.68,-140,4,2,-3.25,1,PASS,true,false,W
540,2026-09-23 01:25:00.701+00,2026-09-23 02:10:00+00,udNYCIUFYnOmEOysdCwR,823897,WILL_SMITH_2_MLB,batting_totalBases,0.5,over,1.472,0.6402,0.6275,0,0.604,2.35,-185,1,1,-3.33,0.52,PASS,true,false,W
542,2026-09-23 01:25:00.701+00,2026-09-23 02:10:00+00,udNYCIUFYnOmEOysdCwR,823897,THOMAS_EDMAN_1_MLB,batting_totalBases,1.5,over,1.259,0.3106,0.3106,0,,,211,2,0,-3.4,0.622,PASS,true,false,W
543,2026-09-23 01:25:00.701+00,2026-09-23 02:10:00+00,udNYCIUFYnOmEOysdCwR,823897,LUIS_CAMPUSANO_1_MLB,batting_totalBases,1.5,over,1.325,0.3291,0.3291,0,,,193,2,0,-3.58,0.474,PASS,true,false,W
546,2026-09-23 01:25:00.701+00,2026-09-23 02:10:00+00,udNYCIUFYnOmEOysdCwR,823897,FERNANDO_TATIS_JR_1_MLB,batting_hits,1.5,under,1.1,0.696,0.6872,0,0.6708,1.64,-251,1,1,-3.9,1,PASS,true,false,W
547,2026-09-23 01:25:00.701+00,2026-09-23 02:10:00+00,udNYCIUFYnOmEOysdCwR,823897,FERNANDO_TATIS_JR_1_MLB,batting_totalBases,1.5,over,1.806,0.4431,0.4468,0,0.4538,-0.7,115,4,3,-3.93,1,PASS,false,false,L
558,2026-09-23 01:25:00.701+00,2026-09-23 02:10:00+00,udNYCIUFYnOmEOysdCwR,823897,XANDER_BOGAERTS_1_MLB,batting_totalBases,0.5,under,1.118,0.4319,0.4351,0,0.441,-0.59,119,2,2,-4.71,1,PASS,false,false,L
562,2026-09-23 01:25:00.701+00,2026-09-23 02:10:00+00,udNYCIUFYnOmEOysdCwR,823897,KYLE_TUCKER_1_MLB,batting_totalBases,1.5,over,1.404,0.3458,0.3458,0,,,175,2,0,-4.92,1,PASS,false,false,L
563,2026-09-23 01:25:00.701+00,2026-09-23 02:10:00+00,udNYCIUFYnOmEOysdCwR,823897,XANDER_BOGAERTS_1_MLB,batting_hits,0.5,under,0.754,0.4319,0.4356,0,0.4424,-0.68,118,2,2,-5.03,1,PASS,false,false,L
566,2026-09-23 01:25:00.701+00,2026-09-23 02:10:00+00,udNYCIUFYnOmEOysdCwR,823897,JACKSON_MERRILL_1_MLB,batting_totalBases,1.5,under,1.648,0.6062,0.604,0,0.5998,0.41,-176,2,2,-5.29,1,PASS,true,false,W
567,2026-09-23 01:25:00.701+00,2026-09-23 02:10:00+00,udNYCIUFYnOmEOysdCwR,823897,TEOSCAR_HERNANDEZ_1_MLB,batting_totalBases,1.5,over,1.54,0.377,0.377,0,,,151,2,0,-5.36,0.938,PASS,false,false,L
570,2026-09-23 01:25:00.701+00,2026-09-23 02:10:00+00,udNYCIUFYnOmEOysdCwR,823897,MANNY_MACHADO_1_MLB,batting_totalBases,0.5,under,1.468,0.414,0.4112,0,0.4059,0.52,130,1,1,-5.43,1,PASS,true,false,W
573,2026-09-23 01:25:00.701+00,2026-09-23 02:10:00+00,udNYCIUFYnOmEOysdCwR,823897,MICHAEL_KING_1_MLB,pitching_strikeouts,4.5,over,4.223,0.4146,0.4215,0,0.4343,-1.28,124,4,4,-5.59,1,PASS,true,false,W
584,2026-09-23 01:25:00.701+00,2026-09-23 02:10:00+00,udNYCIUFYnOmEOysdCwR,823897,MANNY_MACHADO_1_MLB,batting_hits,0.5,over,0.791,0.586,0.5916,0,0.602,-1.04,-175,4,2,-7.03,1,PASS,false,false,L
588,2026-09-23 01:25:00.701+00,2026-09-23 02:10:00+00,udNYCIUFYnOmEOysdCwR,823897,MANNY_MACHADO_1_MLB,batting_totalBases,0.5,over,1.468,0.586,0.5888,0,0.5941,-0.52,-175,1,1,-7.47,1,PASS,false,false,L
590,2026-09-23 01:25:00.701+00,2026-09-23 02:10:00+00,udNYCIUFYnOmEOysdCwR,823897,FERNANDO_TATIS_JR_1_MLB,batting_hits,1.5,over,1.1,0.304,0.3128,0,0.3292,-1.64,195,3,1,-7.72,1,PASS,false,false,L
595,2026-09-23 01:25:00.701+00,2026-09-23 02:10:00+00,udNYCIUFYnOmEOysdCwR,823897,MOOKIE_BETTS_1_MLB,batting_totalBases,1.5,under,1.859,0.5549,0.5648,0,0.5831,-1.83,-160,3,3,-8.22,1,PASS,false,false,L
597,2026-09-23 01:25:00.701+00,2026-09-23 02:10:00+00,udNYCIUFYnOmEOysdCwR,823897,WILL_SMITH_2_MLB,batting_hits,0.5,under,0.91,0.3557,0.3661,0,0.3853,-1.92,150,2,2,-8.49,0.52,PASS,false,false,L
610,2026-09-23 01:25:00.701+00,2026-09-23 02:10:00+00,udNYCIUFYnOmEOysdCwR,823897,FREDDIE_FREEMAN_1_MLB,batting_totalBases,1.5,under,1.697,0.5579,0.5745,0,0.6054,-3.08,-176,3,3,-9.9,1,PASS,false,false,L
611,2026-09-23 01:25:00.701+00,2026-09-23 02:10:00+00,udNYCIUFYnOmEOysdCwR,823897,ANDY_PAGES_1_MLB,batting_hits,0.5,under,0.943,0.3394,0.3608,0,0.4006,-3.97,149,2,2,-10.15,1,PASS,true,false,W
614,2026-09-23 01:25:00.701+00,2026-09-23 02:10:00+00,udNYCIUFYnOmEOysdCwR,823897,THOMAS_EDMAN_1_MLB,batting_hits,0.5,under,0.811,0.4004,0.4163,0,0.446,-2.96,114,2,2,-10.91,0.622,PASS,false,false,L
616,2026-09-23 01:25:00.701+00,2026-09-23 02:10:00+00,udNYCIUFYnOmEOysdCwR,823897,KYLE_TUCKER_1_MLB,batting_totalBases,0.5,under,1.404,0.3902,0.4019,0,0.4237,-2.18,121,2,2,-11.18,1,PASS,false,false,L
617,2026-09-23 01:25:00.701+00,2026-09-23 02:10:00+00,udNYCIUFYnOmEOysdCwR,823897,WILL_SMITH_2_MLB,batting_totalBases,1.5,over,1.472,0.3593,0.3729,0,0.3981,-2.52,138,3,2,-11.25,0.52,PASS,true,false,W
618,2026-09-23 01:25:00.701+00,2026-09-23 02:10:00+00,udNYCIUFYnOmEOysdCwR,823897,KYLE_TUCKER_1_MLB,batting_hits,0.5,under,0.837,0.3902,0.403,0,0.4268,-2.39,120,2,2,-11.34,1,PASS,false,false,L
620,2026-09-23 01:25:00.701+00,2026-09-23 02:10:00+00,udNYCIUFYnOmEOysdCwR,823897,TYLER_FRANCE_1_MLB,batting_totalBases,1.5,under,1.849,0.5494,0.5689,0,0.605,-3.61,-180,2,2,-11.51,0.948,PASS,true,false,W
625,2026-09-23 01:25:00.701+00,2026-09-23 02:10:00+00,udNYCIUFYnOmEOysdCwR,823897,WILL_SMITH_2_MLB,batting_totalBases,0.5,under,1.472,0.3598,0.3725,0,0.396,-2.35,135,1,1,-12.47,0.52,PASS,false,false,L
629,2026-09-23 01:25:00.701+00,2026-09-23 02:10:00+00,udNYCIUFYnOmEOysdCwR,823897,JACKSON_MERRILL_1_MLB,batting_hits,0.5,under,0.945,0.3407,0.362,0,0.4015,-3.96,140,2,2,-13.13,1,PASS,true,false,W
630,2026-09-23 01:25:00.701+00,2026-09-23 02:10:00+00,udNYCIUFYnOmEOysdCwR,823897,THOMAS_EDMAN_1_MLB,batting_totalBases,0.5,under,1.259,0.4036,0.4223,0,0.4571,-3.48,105,2,2,-13.42,0.622,PASS,false,false,L
643,2026-09-23 01:25:00.701+00,2026-09-23 02:10:00+00,udNYCIUFYnOmEOysdCwR,823897,MOOKIE_BETTS_1_MLB,batting_hits,0.5,under,1.06,0.2984,0.3171,0,0.3519,-3.48,167,2,2,-15.33,1,PASS,false,false,L
645,2026-09-23 01:25:00.701+00,2026-09-23 02:10:00+00,udNYCIUFYnOmEOysdCwR,823897,JAKE_CRONENWORTH_1_MLB,batting_hits,0.5,under,0.748,0.4344,0.4636,0,0.5177,-5.41,-123,2,2,-15.95,0.806,PASS,true,false,W
647,2026-09-23 01:25:00.701+00,2026-09-23 02:10:00+00,udNYCIUFYnOmEOysdCwR,823897,JAKE_CRONENWORTH_1_MLB,batting_totalBases,0.5,under,1.089,0.4361,0.465,0,0.5187,-5.37,-124,2,2,-15.99,0.806,PASS,true,false,W
648,2026-09-23 01:25:00.701+00,2026-09-23 02:10:00+00,udNYCIUFYnOmEOysdCwR,823897,LUIS_CAMPUSANO_1_MLB,batting_totalBases,0.5,under,1.325,0.4019,0.4283,0,0.4774,-4.91,-104,2,2,-15.99,0.474,PASS,false,false,L
649,2026-09-23 01:25:00.701+00,2026-09-23 02:10:00+00,udNYCIUFYnOmEOysdCwR,823897,MANNY_MACHADO_1_MLB,batting_totalBases,1.5,over,1.468,0.3422,0.3649,0,0.4069,-4.21,130,3,2,-16.08,1,PASS,false,false,L
652,2026-09-23 01:25:00.701+00,2026-09-23 02:10:00+00,udNYCIUFYnOmEOysdCwR,823897,TEOSCAR_HERNANDEZ_1_MLB,batting_hits,0.5,under,0.969,0.3292,0.3583,0,0.4123,-5.4,134,2,2,-16.16,0.938,PASS,false,false,L
655,2026-09-23 01:25:00.701+00,2026-09-23 02:10:00+00,udNYCIUFYnOmEOysdCwR,823897,LUIS_CAMPUSANO_1_MLB,batting_hits,0.5,under,0.818,0.3976,0.427,0,0.4817,-5.47,-105,2,2,-16.63,0.474,PASS,false,false,L
656,2026-09-23 01:25:00.701+00,2026-09-23 02:10:00+00,udNYCIUFYnOmEOysdCwR,823897,ANDY_PAGES_1_MLB,batting_totalBases,0.5,under,1.59,0.3394,0.367,0,0.4182,-5.12,127,2,2,-16.69,1,PASS,true,false,W
658,2026-09-23 01:25:00.701+00,2026-09-23 02:10:00+00,udNYCIUFYnOmEOysdCwR,823897,TYLER_FRANCE_1_MLB,batting_hits,0.5,under,1.078,0.2848,0.3155,0,0.3726,-5.71,163,2,2,-17.02,0.948,PASS,true,false,W
661,2026-09-23 01:25:00.701+00,2026-09-23 02:10:00+00,udNYCIUFYnOmEOysdCwR,823897,DUSTIN_HARRIS_1_MLB,batting_hits,0.5,under,0.975,0.3287,0.3541,0,0.4013,-4.72,133,1,1,-17.49,0.252,PASS,true,false,W
664,2026-09-23 01:25:00.701+00,2026-09-23 02:10:00+00,udNYCIUFYnOmEOysdCwR,823897,DUSTIN_HARRIS_1_MLB,batting_totalBases,0.5,under,1.455,0.3348,0.3617,0,0.4116,-5,127,1,1,-17.9,0.252,PASS,true,false,W
666,2026-09-23 01:25:00.701+00,2026-09-23 02:10:00+00,udNYCIUFYnOmEOysdCwR,823897,FERNANDO_TATIS_JR_1_MLB,batting_hits,0.5,under,1.1,0.2812,0.3062,0,0.3528,-4.65,165,1,1,-18.85,1,PASS,false,false,L
678,2026-09-23 01:25:00.701+00,2026-09-23 02:10:00+00,udNYCIUFYnOmEOysdCwR,823897,TEOSCAR_HERNANDEZ_1_MLB,batting_totalBases,0.5,under,1.54,0.3297,0.3633,0,0.4257,-6.24,120,2,2,-20.07,0.938,PASS,false,false,L
682,2026-09-23 01:25:00.701+00,2026-09-23 02:10:00+00,udNYCIUFYnOmEOysdCwR,823897,MAX_MUNCY_1_MLB,batting_hits,0.5,under,0.947,0.3391,0.3754,0,0.4429,-6.75,111,2,2,-20.79,1,PASS,true,false,W
686,2026-09-23 01:25:00.701+00,2026-09-23 02:10:00+00,udNYCIUFYnOmEOysdCwR,823897,MAX_MUNCY_1_MLB,batting_totalBases,0.5,under,1.847,0.3391,0.3765,0,0.4461,-6.95,110,2,2,-20.93,1,PASS,true,false,W
689,2026-09-23 01:25:00.701+00,2026-09-23 02:10:00+00,udNYCIUFYnOmEOysdCwR,823897,FREDDIE_FREEMAN_1_MLB,batting_hits,0.5,under,1.129,0.2669,0.3015,0,0.3658,-6.43,160,2,2,-21.61,1,PASS,false,false,L
693,2026-09-23 01:25:00.701+00,2026-09-23 02:10:00+00,udNYCIUFYnOmEOysdCwR,823897,TYLER_FRANCE_1_MLB,batting_totalBases,0.5,under,1.849,0.2852,0.3214,0,0.3887,-6.73,140,1,1,-22.86,0.948,PASS,true,false,W
698,2026-09-23 01:25:00.701+00,2026-09-23 02:10:00+00,udNYCIUFYnOmEOysdCwR,823897,XANDER_BOGAERTS_1_MLB,batting_totalBases,1.5,over,1.118,0.2708,0.2708,0,,,177,2,0,-24.99,1,PASS,false,false,L
774,2026-09-23 01:25:00.701+00,2026-09-23 02:10:00+00,udNYCIUFYnOmEOysdCwR,823897,ANDY_PAGES_1_MLB,batting_totalBases,1.5,under,1.59,0.6112,0.6112,0,,,,0,0,,1,PASS,true,false,W
775,2026-09-23 01:25:00.701+00,2026-09-23 02:10:00+00,udNYCIUFYnOmEOysdCwR,823897,DUSTIN_HARRIS_1_MLB,batting_totalBases,1.5,under,1.455,0.6306,0.6306,0,,,,0,0,,0.252,PASS,true,false,W
776,2026-09-23 01:25:00.701+00,2026-09-23 02:10:00+00,udNYCIUFYnOmEOysdCwR,823897,JAKE_CRONENWORTH_1_MLB,batting_totalBases,1.5,under,1.089,0.7353,0.7353,0,,,,0,0,,0.806,PASS,true,false,W
777,2026-09-23 01:25:00.701+00,2026-09-23 02:10:00+00,udNYCIUFYnOmEOysdCwR,823897,KYLE_TUCKER_1_MLB,batting_totalBases,1.5,under,1.404,0.6542,0.6542,0,,,,0,0,,1,PASS,true,false,W
778,2026-09-23 01:25:00.701+00,2026-09-23 02:10:00+00,udNYCIUFYnOmEOysdCwR,823897,LUIS_CAMPUSANO_1_MLB,batting_totalBases,1.5,under,1.325,0.6709,0.6709,0,,,,0,0,,0.474,PASS,false,false,L
779,2026-09-23 01:25:00.701+00,2026-09-23 02:10:00+00,udNYCIUFYnOmEOysdCwR,823897,MAX_MUNCY_1_MLB,batting_totalBases,1.5,under,1.847,0.5654,0.5654,0,,,,0,0,,1,PASS,true,false,W
780,2026-09-23 01:25:00.701+00,2026-09-23 02:10:00+00,udNYCIUFYnOmEOysdCwR,823897,SAMAD_TAYLOR_1_MLB,batting_totalBases,0.5,over,,,,,0.5249,,-129,1,1,,0,PASS,false,false,L
781,2026-09-23 01:25:00.701+00,2026-09-23 02:10:00+00,udNYCIUFYnOmEOysdCwR,823897,SAMAD_TAYLOR_1_MLB,batting_totalBases,0.5,under,,,,,0.4751,,-104,1,1,,0,PASS,true,false,W
782,2026-09-23 01:25:00.701+00,2026-09-23 02:10:00+00,udNYCIUFYnOmEOysdCwR,823897,TEOSCAR_HERNANDEZ_1_MLB,batting_totalBases,1.5,under,1.54,0.623,0.623,0,,,,0,0,,0.938,PASS,true,false,W
783,2026-09-23 01:25:00.701+00,2026-09-23 02:10:00+00,udNYCIUFYnOmEOysdCwR,823897,THOMAS_EDMAN_1_MLB,batting_totalBases,1.5,under,1.259,0.6894,0.6894,0,,,,0,0,,0.622,PASS,false,false,L
784,2026-09-23 01:25:00.701+00,2026-09-23 02:10:00+00,udNYCIUFYnOmEOysdCwR,823897,XANDER_BOGAERTS_1_MLB,batting_totalBases,1.5,under,1.118,0.7292,0.7292,0,,,,0,0,,1,PASS,true,false,W
785,2026-09-23 01:25:00.701+00,2026-09-23 02:10:00+00,udNYCIUFYnOmEOysdCwR,823897,SAMAD_TAYLOR_1_MLB,batting_hits,0.5,over,,,,,,,-127,1,0,,0,PASS,false,false,L
786,2026-09-23 01:25:00.701+00,2026-09-23 02:10:00+00,udNYCIUFYnOmEOysdCwR,823897,SAMAD_TAYLOR_1_MLB,batting_hits,0.5,under,,,,,,,,0,0,,0,PASS,true,false,W
787,2026-09-23 01:25:00.701+00,2026-09-23 02:10:00+00,udNYCIUFYnOmEOysdCwR,823897,AUSTIN_HAYS_1_MLB,batting_hits,0.5,over,,,,,0.5574,,-148,4,2,,0,PASS,false,false,L
788,2026-09-23 01:25:00.701+00,2026-09-23 02:10:00+00,udNYCIUFYnOmEOysdCwR,823897,AUSTIN_HAYS_1_MLB,batting_hits,0.5,under,,,,,0.4426,,111,2,2,,0,PASS,true,false,W
789,2026-09-23 01:25:00.701+00,2026-09-23 02:10:00+00,udNYCIUFYnOmEOysdCwR,823897,AUSTIN_HAYS_1_MLB,batting_totalBases,0.5,over,,,,,0.5575,,-150,1,1,,0,PASS,false,false,L
790,2026-09-23 01:25:00.701+00,2026-09-23 02:10:00+00,udNYCIUFYnOmEOysdCwR,823897,AUSTIN_HAYS_1_MLB,batting_totalBases,0.5,under,,,,,0.4425,,110,1,1,,0,PASS,true,false,W
791,2026-09-23 01:25:00.701+00,2026-09-23 02:10:00+00,udNYCIUFYnOmEOysdCwR,823897,AUSTIN_HAYS_1_MLB,batting_totalBases,1.5,over,,,,,,,181,2,0,,0,PASS,false,false,L
792,2026-09-23 01:25:00.701+00,2026-09-23 02:10:00+00,udNYCIUFYnOmEOysdCwR,823897,AUSTIN_HAYS_1_MLB,batting_totalBases,1.5,under,,,,,,,,0,0,,0,PASS,true,false,W
1044,2026-09-23 18:25:01.118+00,2026-09-23 19:45:00+00,g3V8vSX3cpkcPbNdpnb4,823168,CONNOR_PRIELIPP_1_MLB,pitching_strikeouts,5.5,over,6.828,0.6767,0.5976,0,0.4505,14.7,112,4,4,26.68,1,PLAY,false,false,L
1045,2026-09-23 18:25:01.118+00,2026-09-23 19:45:00+00,g3V8vSX3cpkcPbNdpnb4,823168,JONAH_COX_1_MLB,batting_totalBases,1.5,over,1.666,0.412,0.412,0,,,189,2,0,19.07,0.306,PASS,false,false,L
1046,2026-09-23 18:25:01.118+00,2026-09-23 19:45:00+00,g3V8vSX3cpkcPbNdpnb4,823168,SHAY_WHITCOMB_1_MLB,batting_totalBases,1.5,over,1.435,0.3519,0.3519,0,,,226,2,0,14.73,0.224,PASS,true,false,W
1047,2026-09-23 18:25:01.118+00,2026-09-23 19:45:00+00,g3V8vSX3cpkcPbNdpnb4,823168,SHAY_WHITCOMB_1_MLB,batting_hits,0.5,over,0.89,0.6349,0.593,0,0.5152,7.78,-120,4,2,8.72,0.224,PASS,true,false,W
1048,2026-09-23 18:25:01.118+00,2026-09-23 19:45:00+00,g3V8vSX3cpkcPbNdpnb4,823168,JONAH_COX_1_MLB,batting_hits,0.5,over,1.071,0.7079,0.6681,0,0.5941,7.4,-161,4,2,8.3,0.306,PASS,false,false,L
1049,2026-09-23 18:25:01.118+00,2026-09-23 19:45:00+00,g3V8vSX3cpkcPbNdpnb4,823168,CHRISTIAN_KOSS_1_MLB,batting_totalBases,1.5,over,1.317,0.3261,0.3261,0,,,232,2,0,8.26,0.414,PASS,false,false,L
1050,2026-09-23 18:25:01.118+00,2026-09-23 19:45:00+00,g3V8vSX3cpkcPbNdpnb4,823168,CHRISTIAN_KOSS_1_MLB,batting_hits,0.5,over,0.873,0.6285,0.599,0,0.5443,5.47,-127,4,2,7.07,0.414,PASS,false,false,L
1051,2026-09-23 18:25:01.118+00,2026-09-23 19:45:00+00,g3V8vSX3cpkcPbNdpnb4,823168,SHAY_WHITCOMB_1_MLB,batting_totalBases,0.5,over,1.435,0.6278,0.5894,0,0.5182,7.13,-124,2,2,6.48,0.224,PASS,true,false,W
1052,2026-09-23 18:25:01.118+00,2026-09-23 19:45:00+00,g3V8vSX3cpkcPbNdpnb4,823168,MARCELO_MAYER_1_MLB,batting_totalBases,1.5,over,1.319,0.3364,0.3364,0,,,214,2,0,5.63,0.464,PASS,false,false,L
1053,2026-09-23 18:25:01.118+00,2026-09-23 19:45:00+00,g3V8vSX3cpkcPbNdpnb4,823168,MARCELO_MAYER_1_MLB,batting_totalBases,0.5,over,1.319,0.6228,0.5923,0,0.5358,5.65,-130,2,2,4.8,0.464,PASS,false,false,L
1054,2026-09-23 18:25:01.118+00,2026-09-23 19:45:00+00,g3V8vSX3cpkcPbNdpnb4,823168,MARCELO_MAYER_1_MLB,batting_hits,0.5,over,0.874,0.6276,0.5978,0,0.5422,5.55,-135,4,2,4.05,0.464,PASS,false,false,L
1055,2026-09-23 18:25:01.118+00,2026-09-23 19:45:00+00,g3V8vSX3cpkcPbNdpnb4,823168,JOSHUA_BELL_1_MLB,batting_totalBases,1.5,over,1.832,0.4568,0.4401,0,0.4091,3.1,135,4,3,3.43,1,PASS,false,false,L
1056,2026-09-23 18:25:01.118+00,2026-09-23 19:45:00+00,g3V8vSX3cpkcPbNdpnb4,823168,JONAH_COX_1_MLB,batting_totalBases,0.5,over,1.666,0.7022,0.6711,0,0.6134,5.77,-190,2,2,2.43,0.306,PASS,false,false,L
1057,2026-09-23 18:25:01.118+00,2026-09-23 19:45:00+00,g3V8vSX3cpkcPbNdpnb4,823168,JOSHUA_BELL_1_MLB,batting_hits,0.5,over,1.121,0.7291,0.7037,0,0.6564,4.72,-220,4,2,2.35,1,PASS,true,false,W
1058,2026-09-23 18:25:01.118+00,2026-09-23 19:45:00+00,g3V8vSX3cpkcPbNdpnb4,823168,CHRISTIAN_KOSS_1_MLB,batting_totalBases,0.5,over,1.317,0.6233,0.6011,0,0.5597,4.13,-145,2,2,1.56,0.414,PASS,false,false,L
1059,2026-09-23 18:25:01.118+00,2026-09-23 19:45:00+00,g3V8vSX3cpkcPbNdpnb4,823168,BROOKS_LEE_1_MLB,batting_totalBases,1.5,over,1.992,0.4773,0.4647,0,0.4414,2.33,114,4,3,-0.55,1,PASS,false,false,L
1060,2026-09-23 18:25:01.118+00,2026-09-23 19:45:00+00,g3V8vSX3cpkcPbNdpnb4,823168,RYAN_JEFFERS_1_MLB,batting_hits,0.5,over,1.019,0.6922,0.6807,0,0.6594,2.13,-220,4,2,-0.99,0.714,PASS,true,false,W
1061,2026-09-23 18:25:01.118+00,2026-09-23 19:45:00+00,g3V8vSX3cpkcPbNdpnb4,823168,RYAN_JEFFERS_1_MLB,batting_totalBases,1.5,over,1.794,0.4412,0.4366,0,0.4281,0.85,125,4,3,-1.76,0.714,PASS,false,false,L
1062,2026-09-23 18:25:01.118+00,2026-09-23 19:45:00+00,g3V8vSX3cpkcPbNdpnb4,823168,LUKE_KEASCHALL_1_MLB,batting_totalBases,1.5,over,1.67,0.4515,0.4483,0,0.4423,0.6,115,4,3,-3.63,1,PASS,true,false,W
1063,2026-09-23 18:25:01.118+00,2026-09-23 19:45:00+00,g3V8vSX3cpkcPbNdpnb4,823168,ROYCE_LEWIS_1_MLB,batting_totalBases,1.5,under,1.567,0.6024,0.6012,0,0.5989,0.23,-168,3,3,-4.1,0.986,PASS,true,false,W
1064,2026-09-23 18:25:01.118+00,2026-09-23 19:45:00+00,g3V8vSX3cpkcPbNdpnb4,823168,ROYCE_LEWIS_1_MLB,batting_totalBases,1.5,over,1.567,0.3976,0.3988,0,0.4011,-0.23,140,4,3,-4.28,0.986,PASS,false,false,L
1065,2026-09-23 18:25:01.118+00,2026-09-23 19:45:00+00,g3V8vSX3cpkcPbNdpnb4,823168,ROYCE_LEWIS_1_MLB,batting_hits,0.5,over,0.937,0.6565,0.6485,0,0.6335,1.49,-210,4,2,-4.28,0.986,PASS,true,false,W
1066,2026-09-23 18:25:01.118+00,2026-09-23 19:45:00+00,g3V8vSX3cpkcPbNdpnb4,823168,LUKE_KEASCHALL_1_MLB,batting_hits,1.5,over,1.191,0.3442,0.3432,0,0.3413,0.19,177,4,2,-4.94,1,PASS,false,false,L
1067,2026-09-23 18:25:01.118+00,2026-09-23 19:45:00+00,g3V8vSX3cpkcPbNdpnb4,823168,BROOKS_LEE_1_MLB,batting_hits,1.5,under,1.169,0.6664,0.6663,0,0.6659,0.04,-244,2,2,-6.07,1,PASS,true,false,W
1068,2026-09-23 18:25:01.118+00,2026-09-23 19:45:00+00,g3V8vSX3cpkcPbNdpnb4,823168,RYAN_JEFFERS_1_MLB,batting_totalBases,1.5,under,1.794,0.5588,0.5634,0,0.5719,-0.85,-150,3,3,-6.1,0.714,PASS,true,false,W
1069,2026-09-23 18:25:01.118+00,2026-09-23 19:45:00+00,g3V8vSX3cpkcPbNdpnb4,823168,LUKE_KEASCHALL_1_MLB,batting_totalBases,1.5,under,1.67,0.5485,0.5517,0,0.5577,-0.6,-143,3,3,-6.24,1,PASS,false,false,L
1070,2026-09-23 18:25:01.118+00,2026-09-23 19:45:00+00,g3V8vSX3cpkcPbNdpnb4,823168,LUKE_KEASCHALL_1_MLB,batting_hits,1.5,under,1.191,0.6558,0.6568,0,0.6587,-0.19,-235,2,2,-6.37,1,PASS,true,false,W
1071,2026-09-23 18:25:01.118+00,2026-09-23 19:45:00+00,g3V8vSX3cpkcPbNdpnb4,823168,BROOKS_LEE_1_MLB,batting_hits,1.5,over,1.169,0.3336,0.3337,0,0.3341,-0.04,180,4,2,-6.55,1,PASS,false,false,L
1072,2026-09-23 18:25:01.118+00,2026-09-23 19:45:00+00,g3V8vSX3cpkcPbNdpnb4,823168,JOSHUA_BELL_1_MLB,batting_totalBases,1.5,under,1.832,0.5432,0.5599,0,0.5909,-3.1,-156,3,3,-8.12,1,PASS,true,false,W
1073,2026-09-23 18:25:01.118+00,2026-09-23 19:45:00+00,g3V8vSX3cpkcPbNdpnb4,823168,RYAN_JEFFERS_1_MLB,batting_hits,0.5,under,1.019,0.3078,0.3193,0,0.3406,-2.13,187,2,2,-8.36,0.714,PASS,false,false,L
1074,2026-09-23 18:25:01.118+00,2026-09-23 19:45:00+00,g3V8vSX3cpkcPbNdpnb4,823168,ROYCE_LEWIS_1_MLB,batting_hits,0.5,under,0.937,0.3435,0.3515,0,0.3665,-1.49,159,2,2,-8.95,0.986,PASS,false,false,L
1075,2026-09-23 18:25:01.118+00,2026-09-23 19:45:00+00,g3V8vSX3cpkcPbNdpnb4,823168,BROOKS_LEE_1_MLB,batting_totalBases,1.5,under,1.992,0.5227,0.5353,0,0.5586,-2.33,-146,3,3,-9.81,1,PASS,true,false,W
1076,2026-09-23 18:25:01.118+00,2026-09-23 19:45:00+00,g3V8vSX3cpkcPbNdpnb4,823168,CHRISTIAN_KOSS_1_MLB,batting_hits,0.5,under,0.873,0.3715,0.401,0,0.4557,-5.47,115,2,2,-13.79,0.414,PASS,true,false,W
1077,2026-09-23 18:25:01.118+00,2026-09-23 19:45:00+00,g3V8vSX3cpkcPbNdpnb4,823168,CHRISTIAN_KOSS_1_MLB,batting_totalBases,0.5,under,1.317,0.3767,0.3989,0,0.4403,-4.13,115,2,2,-14.23,0.414,PASS,true,false,W
1078,2026-09-23 18:25:01.118+00,2026-09-23 19:45:00+00,g3V8vSX3cpkcPbNdpnb4,823168,JOSHUA_BELL_1_MLB,batting_hits,0.5,under,1.121,0.2709,0.2963,0,0.3436,-4.72,182,2,2,-16.43,1,PASS,false,false,L
1079,2026-09-23 18:25:01.118+00,2026-09-23 19:45:00+00,g3V8vSX3cpkcPbNdpnb4,823168,MARCELO_MAYER_1_MLB,batting_totalBases,0.5,under,1.319,0.3772,0.4077,0,0.4642,-5.65,105,2,2,-16.43,0.464,PASS,true,false,W
1080,2026-09-23 18:25:01.118+00,2026-09-23 19:45:00+00,g3V8vSX3cpkcPbNdpnb4,823168,MARCELO_MAYER_1_MLB,batting_hits,0.5,under,0.874,0.3724,0.4022,0,0.4578,-5.55,105,2,2,-17.54,0.464,PASS,true,false,W
1081,2026-09-23 18:25:01.118+00,2026-09-23 19:45:00+00,g3V8vSX3cpkcPbNdpnb4,823168,SHAY_WHITCOMB_1_MLB,batting_totalBases,0.5,under,1.435,0.3722,0.4106,0,0.4818,-7.13,-105,2,2,-19.84,0.224,PASS,false,false,L
1082,2026-09-23 18:25:01.118+00,2026-09-23 19:45:00+00,g3V8vSX3cpkcPbNdpnb4,823168,JONAH_COX_1_MLB,batting_totalBases,0.5,under,1.666,0.2978,0.3289,0,0.3866,-5.77,143,2,2,-20.08,0.306,PASS,true,false,W
1083,2026-09-23 18:25:01.118+00,2026-09-23 19:45:00+00,g3V8vSX3cpkcPbNdpnb4,823168,JONAH_COX_1_MLB,batting_hits,0.5,under,1.071,0.2921,0.3319,0,0.4059,-7.4,140,2,2,-20.34,0.306,PASS,true,false,W
1084,2026-09-23 18:25:01.118+00,2026-09-23 19:45:00+00,g3V8vSX3cpkcPbNdpnb4,823168,SHAY_WHITCOMB_1_MLB,batting_hits,0.5,under,0.89,0.3651,0.407,0,0.4848,-7.78,-105,2,2,-20.54,0.224,PASS,false,false,L
1085,2026-09-23 18:25:01.118+00,2026-09-23 19:45:00+00,g3V8vSX3cpkcPbNdpnb4,823168,CONNOR_PRIELIPP_1_MLB,pitching_strikeouts,5.5,under,6.828,0.3233,0.4024,0,0.5495,-14.7,-137,4,4,-30.38,1,PASS,true,false,W
1086,2026-09-23 18:25:01.118+00,2026-09-23 19:45:00+00,g3V8vSX3cpkcPbNdpnb4,823168,ANDREW_KNIZNER_1_MLB,batting_hits,0.5,over,,,,,0.5584,,-143,4,2,,0,PASS,true,false,W
1087,2026-09-23 18:25:01.118+00,2026-09-23 19:45:00+00,g3V8vSX3cpkcPbNdpnb4,823168,ANDREW_KNIZNER_1_MLB,batting_hits,0.5,under,,,,,0.4416,,115,2,2,,0,PASS,false,false,L
1090,2026-09-23 18:25:01.118+00,2026-09-23 19:45:00+00,g3V8vSX3cpkcPbNdpnb4,823168,BRETT_HARRIS_1_MLB,batting_hits,0.5,over,,,,,0.568,,-154,4,2,,0,PASS,false,false,L
1091,2026-09-23 18:25:01.118+00,2026-09-23 19:45:00+00,g3V8vSX3cpkcPbNdpnb4,823168,BRETT_HARRIS_1_MLB,batting_hits,0.5,under,,,,,0.432,,117,2,2,,0,PASS,true,false,W
1092,2026-09-23 18:25:01.118+00,2026-09-23 19:45:00+00,g3V8vSX3cpkcPbNdpnb4,823168,EMMANUEL_RODRIGUEZ_1_MLB,batting_hits,0.5,over,,,,,0.6178,,-181,4,2,,0,PASS,true,false,W
1093,2026-09-23 18:25:01.118+00,2026-09-23 19:45:00+00,g3V8vSX3cpkcPbNdpnb4,823168,EMMANUEL_RODRIGUEZ_1_MLB,batting_hits,0.5,under,,,,,0.3822,,155,2,2,,0,PASS,false,false,L
1096,2026-09-23 18:25:01.118+00,2026-09-23 19:45:00+00,g3V8vSX3cpkcPbNdpnb4,823168,ANDREW_KNIZNER_1_MLB,batting_totalBases,0.5,over,,,,,0.5662,,-154,2,2,,0,PASS,true,false,W
1097,2026-09-23 18:25:01.118+00,2026-09-23 19:45:00+00,g3V8vSX3cpkcPbNdpnb4,823168,ANDREW_KNIZNER_1_MLB,batting_totalBases,0.5,under,,,,,0.4338,,115,2,2,,0,PASS,false,false,L
1098,2026-09-23 18:25:01.118+00,2026-09-23 19:45:00+00,g3V8vSX3cpkcPbNdpnb4,823168,ANDREW_KNIZNER_1_MLB,batting_totalBases,1.5,over,,,,,,,192,2,0,,0,PASS,true,false,W
1099,2026-09-23 18:25:01.118+00,2026-09-23 19:45:00+00,g3V8vSX3cpkcPbNdpnb4,823168,ANDREW_KNIZNER_1_MLB,batting_totalBases,1.5,under,,,,,,,,0,0,,0,PASS,false,false,L
1102,2026-09-23 18:25:01.118+00,2026-09-23 19:45:00+00,g3V8vSX3cpkcPbNdpnb4,823168,BRETT_HARRIS_1_MLB,batting_totalBases,0.5,over,,,,,0.5662,,-154,2,2,,0,PASS,false,false,L
1103,2026-09-23 18:25:01.118+00,2026-09-23 19:45:00+00,g3V8vSX3cpkcPbNdpnb4,823168,BRETT_HARRIS_1_MLB,batting_totalBases,0.5,under,,,,,0.4338,,115,2,2,,0,PASS,true,false,W
1104,2026-09-23 18:25:01.118+00,2026-09-23 19:45:00+00,g3V8vSX3cpkcPbNdpnb4,823168,BRETT_HARRIS_1_MLB,batting_totalBases,1.5,over,,,,,,,192,2,0,,0,PASS,false,false,L
1105,2026-09-23 18:25:01.118+00,2026-09-23 19:45:00+00,g3V8vSX3cpkcPbNdpnb4,823168,BRETT_HARRIS_1_MLB,batting_totalBases,1.5,under,,,,,,,,0,0,,0,PASS,true,false,W
1106,2026-09-23 18:25:01.118+00,2026-09-23 19:45:00+00,g3V8vSX3cpkcPbNdpnb4,823168,CHRISTIAN_KOSS_1_MLB,batting_totalBases,1.5,under,1.317,0.6739,0.6739,0,,,,0,0,,0.414,PASS,true,false,W
1107,2026-09-23 18:25:01.118+00,2026-09-23 19:45:00+00,g3V8vSX3cpkcPbNdpnb4,823168,JONAH_COX_1_MLB,batting_totalBases,1.5,under,1.666,0.588,0.588,0,,,,0,0,,0.306,PASS,true,false,W
1108,2026-09-23 18:25:01.118+00,2026-09-23 19:45:00+00,g3V8vSX3cpkcPbNdpnb4,823168,KODY_CLEMENS_1_MLB,batting_totalBases,1.5,over,,,,,0.4127,,126,1,1,,0,PASS,false,false,L
1109,2026-09-23 18:25:01.118+00,2026-09-23 19:45:00+00,g3V8vSX3cpkcPbNdpnb4,823168,KODY_CLEMENS_1_MLB,batting_totalBases,1.5,under,,,,,0.5873,,-170,1,1,,0,PASS,true,false,W
1112,2026-09-23 18:25:01.118+00,2026-09-23 19:45:00+00,g3V8vSX3cpkcPbNdpnb4,823168,RYAN_KREIDLER_1_MLB,batting_totalBases,0.5,over,,,,,0.5411,,-137,1,1,,0,PASS,false,false,L
1113,2026-09-23 18:25:01.118+00,2026-09-23 19:45:00+00,g3V8vSX3cpkcPbNdpnb4,823168,RYAN_KREIDLER_1_MLB,batting_totalBases,0.5,under,,,,,0.4589,,104,1,1,,0,PASS,true,false,W
1114,2026-09-23 18:25:01.118+00,2026-09-23 19:45:00+00,g3V8vSX3cpkcPbNdpnb4,823168,SHAY_WHITCOMB_1_MLB,batting_totalBases,1.5,under,1.435,0.6481,0.6481,0,,,,0,0,,0.224,PASS,false,false,L
1115,2026-09-23 18:25:01.118+00,2026-09-23 19:45:00+00,g3V8vSX3cpkcPbNdpnb4,823168,KODY_CLEMENS_1_MLB,batting_hits,0.5,over,,,,,,,-218,1,0,,0,PASS,false,false,L
1116,2026-09-23 18:25:01.118+00,2026-09-23 19:45:00+00,g3V8vSX3cpkcPbNdpnb4,823168,KODY_CLEMENS_1_MLB,batting_hits,0.5,under,,,,,,,,0,0,,0,PASS,true,false,W
1117,2026-09-23 18:25:01.118+00,2026-09-23 19:45:00+00,g3V8vSX3cpkcPbNdpnb4,823168,RYAN_KREIDLER_1_MLB,batting_hits,0.5,over,,,,,,,-145,1,0,,0,PASS,false,false,L
1118,2026-09-23 18:25:01.118+00,2026-09-23 19:45:00+00,g3V8vSX3cpkcPbNdpnb4,823168,RYAN_KREIDLER_1_MLB,batting_hits,0.5,under,,,,,,,,0,0,,0,PASS,true,false,W
1119,2026-09-23 18:25:01.118+00,2026-09-23 19:45:00+00,g3V8vSX3cpkcPbNdpnb4,823168,EMMANUEL_RODRIGUEZ_1_MLB,batting_totalBases,0.5,over,,,,,0.6026,,-182,1,1,,0,PASS,true,false,W
1120,2026-09-23 18:25:01.118+00,2026-09-23 19:45:00+00,g3V8vSX3cpkcPbNdpnb4,823168,EMMANUEL_RODRIGUEZ_1_MLB,batting_totalBases,0.5,under,,,,,0.3974,,135,1,1,,0,PASS,false,false,L
1121,2026-09-23 18:25:01.118+00,2026-09-23 19:45:00+00,g3V8vSX3cpkcPbNdpnb4,823168,EMMANUEL_RODRIGUEZ_1_MLB,batting_totalBases,1.5,over,,,,,0.3528,,165,3,1,,0,PASS,false,false,L
1122,2026-09-23 18:25:01.118+00,2026-09-23 19:45:00+00,g3V8vSX3cpkcPbNdpnb4,823168,EMMANUEL_RODRIGUEZ_1_MLB,batting_totalBases,1.5,under,,,,,0.6472,,-225,1,1,,0,PASS,true,false,W
1123,2026-09-23 18:25:01.118+00,2026-09-23 19:45:00+00,g3V8vSX3cpkcPbNdpnb4,823168,MARCELO_MAYER_1_MLB,batting_totalBases,1.5,under,1.319,0.6636,0.6636,0,,,,0,0,,0.464,PASS,true,false,W
1124,2026-09-23 18:25:01.118+00,2026-09-23 19:45:00+00,g3V8vSX3cpkcPbNdpnb4,823168,ALAN_RODEN_1_MLB,batting_hits,0.5,over,,,,,0.6047,,-177,4,2,,0,PASS,true,false,W
1125,2026-09-23 18:25:01.118+00,2026-09-23 19:45:00+00,g3V8vSX3cpkcPbNdpnb4,823168,ALAN_RODEN_1_MLB,batting_hits,0.5,under,,,,,0.3953,,140,2,2,,0,PASS,false,false,L
1126,2026-09-23 18:25:01.118+00,2026-09-23 19:45:00+00,g3V8vSX3cpkcPbNdpnb4,823168,ALAN_RODEN_1_MLB,batting_totalBases,0.5,over,,,,,0.6113,,-190,1,1,,0,PASS,true,false,W
1127,2026-09-23 18:25:01.118+00,2026-09-23 19:45:00+00,g3V8vSX3cpkcPbNdpnb4,823168,ALAN_RODEN_1_MLB,batting_totalBases,0.5,under,,,,,0.3887,,140,1,1,,0,PASS,false,false,L
1128,2026-09-23 18:25:01.118+00,2026-09-23 19:45:00+00,g3V8vSX3cpkcPbNdpnb4,823168,ALAN_RODEN_1_MLB,batting_totalBases,1.5,over,,,,,,,172,2,0,,0,PASS,false,false,L
1129,2026-09-23 18:25:01.118+00,2026-09-23 19:45:00+00,g3V8vSX3cpkcPbNdpnb4,823168,ALAN_RODEN_1_MLB,batting_totalBases,1.5,under,,,,,,,,0,0,,0,PASS,true,false,W
1130,2026-09-23 19:25:04.481+00,2026-09-23 19:45:00+00,g3V8vSX3cpkcPbNdpnb4,823168,CONNOR_PRIELIPP_1_MLB,pitching_strikeouts,5.5,over,6.828,0.6767,0.6035,0,0.4676,13.6,105,4,4,23.72,1,PLAY,false,false,L
1131,2026-09-23 19:25:04.481+00,2026-09-23 19:45:00+00,g3V8vSX3cpkcPbNdpnb4,823168,JONAH_COX_1_MLB,batting_totalBases,1.5,over,1.666,0.412,0.412,0,,,182,2,0,16.19,0.306,PASS,false,false,L
1132,2026-09-23 19:25:04.481+00,2026-09-23 19:45:00+00,g3V8vSX3cpkcPbNdpnb4,823168,SHAY_WHITCOMB_1_MLB,batting_totalBases,1.5,over,1.435,0.3519,0.3519,0,,,223,2,0,13.67,0.224,PASS,true,false,W
1133,2026-09-23 19:25:04.481+00,2026-09-23 19:45:00+00,g3V8vSX3cpkcPbNdpnb4,823168,SHAY_WHITCOMB_1_MLB,batting_hits,0.5,over,0.89,0.6349,0.593,0,0.5152,7.78,-120,4,2,8.72,0.224,PASS,true,false,W
1134,2026-09-23 19:25:04.481+00,2026-09-23 19:45:00+00,g3V8vSX3cpkcPbNdpnb4,823168,CHRISTIAN_KOSS_1_MLB,batting_totalBases,1.5,over,1.317,0.3261,0.3261,0,,,232,2,0,8.26,0.414,PASS,false,false,L
1135,2026-09-23 19:25:04.481+00,2026-09-23 19:45:00+00,g3V8vSX3cpkcPbNdpnb4,823168,JONAH_COX_1_MLB,batting_hits,0.5,over,1.071,0.7079,0.67,0,0.5995,7.05,-169,4,2,6.64,0.306,PASS,false,false,L
1136,2026-09-23 19:25:04.481+00,2026-09-23 19:45:00+00,g3V8vSX3cpkcPbNdpnb4,823168,SHAY_WHITCOMB_1_MLB,batting_totalBases,0.5,over,1.435,0.6278,0.5894,0,0.5182,7.13,-124,2,2,6.48,0.224,PASS,true,false,W
1137,2026-09-23 19:25:04.481+00,2026-09-23 19:45:00+00,g3V8vSX3cpkcPbNdpnb4,823168,CHRISTIAN_KOSS_1_MLB,batting_hits,0.5,over,0.873,0.6285,0.6004,0,0.5484,5.21,-131,4,2,5.88,0.414,PASS,false,false,L
1138,2026-09-23 19:25:04.481+00,2026-09-23 19:45:00+00,g3V8vSX3cpkcPbNdpnb4,823168,MARCELO_MAYER_1_MLB,batting_totalBases,0.5,over,1.319,0.6228,0.5923,0,0.5358,5.65,-130,2,2,4.8,0.464,PASS,false,false,L
1139,2026-09-23 19:25:04.481+00,2026-09-23 19:45:00+00,g3V8vSX3cpkcPbNdpnb4,823168,MARCELO_MAYER_1_MLB,batting_totalBases,1.5,over,1.319,0.3364,0.3364,0,,,211,2,0,4.62,0.464,PASS,false,false,L
1140,2026-09-23 19:25:04.481+00,2026-09-23 19:45:00+00,g3V8vSX3cpkcPbNdpnb4,823168,MARCELO_MAYER_1_MLB,batting_hits,0.5,over,0.874,0.6276,0.5978,0,0.5422,5.55,-137,4,2,3.41,0.464,PASS,false,false,L
1141,2026-09-23 19:25:04.481+00,2026-09-23 19:45:00+00,g3V8vSX3cpkcPbNdpnb4,823168,JOSHUA_BELL_1_MLB,batting_totalBases,1.5,over,1.832,0.4568,0.439,0,0.4061,3.3,135,4,3,3.17,1,PASS,false,false,L
1142,2026-09-23 19:25:04.481+00,2026-09-23 19:45:00+00,g3V8vSX3cpkcPbNdpnb4,823168,JONAH_COX_1_MLB,batting_totalBases,0.5,over,1.666,0.7022,0.6711,0,0.6134,5.77,-190,2,2,2.43,0.306,PASS,false,false,L
1143,2026-09-23 19:25:04.481+00,2026-09-23 19:45:00+00,g3V8vSX3cpkcPbNdpnb4,823168,JOSHUA_BELL_1_MLB,batting_hits,0.5,over,1.121,0.7291,0.7022,0,0.6523,4.99,-220,4,2,2.14,1,PASS,true,false,W
1144,2026-09-23 19:25:04.481+00,2026-09-23 19:45:00+00,g3V8vSX3cpkcPbNdpnb4,823168,CHRISTIAN_KOSS_1_MLB,batting_totalBases,0.5,over,1.317,0.6233,0.6011,0,0.5597,4.13,-145,2,2,1.56,0.414,PASS,false,false,L
1145,2026-09-23 19:25:04.481+00,2026-09-23 19:45:00+00,g3V8vSX3cpkcPbNdpnb4,823168,BROOKS_LEE_1_MLB,batting_totalBases,1.5,over,1.992,0.4773,0.4647,0,0.4414,2.33,114,4,3,-0.55,1,PASS,false,false,L
1146,2026-09-23 19:25:04.481+00,2026-09-23 19:45:00+00,g3V8vSX3cpkcPbNdpnb4,823168,RYAN_JEFFERS_1_MLB,batting_hits,0.5,over,1.019,0.6922,0.6807,0,0.6594,2.13,-220,4,2,-0.99,0.714,PASS,true,false,W
1147,2026-09-23 19:25:04.481+00,2026-09-23 19:45:00+00,g3V8vSX3cpkcPbNdpnb4,823168,RYAN_JEFFERS_1_MLB,batting_totalBases,1.5,over,1.794,0.4412,0.4366,0,0.4281,0.85,125,4,3,-1.76,0.714,PASS,false,false,L
1148,2026-09-23 19:25:04.481+00,2026-09-23 19:45:00+00,g3V8vSX3cpkcPbNdpnb4,823168,LUKE_KEASCHALL_1_MLB,batting_totalBases,1.5,over,1.67,0.4515,0.4483,0,0.4423,0.6,115,4,3,-3.63,1,PASS,true,false,W
1149,2026-09-23 19:25:04.481+00,2026-09-23 19:45:00+00,g3V8vSX3cpkcPbNdpnb4,823168,ROYCE_LEWIS_1_MLB,batting_totalBases,1.5,under,1.567,0.6024,0.6012,0,0.5989,0.23,-168,3,3,-4.1,0.986,PASS,true,false,W
1150,2026-09-23 19:25:04.481+00,2026-09-23 19:45:00+00,g3V8vSX3cpkcPbNdpnb4,823168,ROYCE_LEWIS_1_MLB,batting_hits,0.5,over,0.937,0.6565,0.6489,0,0.6348,1.41,-210,4,2,-4.21,0.986,PASS,true,false,W
1151,2026-09-23 19:25:04.481+00,2026-09-23 19:45:00+00,g3V8vSX3cpkcPbNdpnb4,823168,ROYCE_LEWIS_1_MLB,batting_totalBases,1.5,over,1.567,0.3976,0.3988,0,0.4011,-0.23,140,4,3,-4.28,0.986,PASS,false,false,L
1152,2026-09-23 19:25:04.481+00,2026-09-23 19:45:00+00,g3V8vSX3cpkcPbNdpnb4,823168,BROOKS_LEE_1_MLB,batting_hits,1.5,over,1.169,0.3336,0.3337,0,0.3341,-0.04,185,4,2,-4.88,1,PASS,false,false,L
1153,2026-09-23 19:25:04.481+00,2026-09-23 19:45:00+00,g3V8vSX3cpkcPbNdpnb4,823168,LUKE_KEASCHALL_1_MLB,batting_hits,1.5,over,1.191,0.3442,0.3432,0,0.3413,0.19,177,4,2,-4.94,1,PASS,false,false,L
1154,2026-09-23 19:25:04.481+00,2026-09-23 19:45:00+00,g3V8vSX3cpkcPbNdpnb4,823168,BROOKS_LEE_1_MLB,batting_hits,1.5,under,1.169,0.6664,0.6663,0,0.6659,0.04,-244,2,2,-6.07,1,PASS,true,false,W
1155,2026-09-23 19:25:04.481+00,2026-09-23 19:45:00+00,g3V8vSX3cpkcPbNdpnb4,823168,RYAN_JEFFERS_1_MLB,batting_totalBases,1.5,under,1.794,0.5588,0.5634,0,0.5719,-0.85,-150,3,3,-6.1,0.714,PASS,true,false,W
1156,2026-09-23 19:25:04.481+00,2026-09-23 19:45:00+00,g3V8vSX3cpkcPbNdpnb4,823168,LUKE_KEASCHALL_1_MLB,batting_totalBases,1.5,under,1.67,0.5485,0.5517,0,0.5577,-0.6,-143,3,3,-6.24,1,PASS,false,false,L
1157,2026-09-23 19:25:04.481+00,2026-09-23 19:45:00+00,g3V8vSX3cpkcPbNdpnb4,823168,LUKE_KEASCHALL_1_MLB,batting_hits,1.5,under,1.191,0.6558,0.6568,0,0.6587,-0.19,-235,2,2,-6.37,1,PASS,true,false,W
1158,2026-09-23 19:25:04.481+00,2026-09-23 19:45:00+00,g3V8vSX3cpkcPbNdpnb4,823168,RYAN_JEFFERS_1_MLB,batting_hits,0.5,under,1.019,0.3078,0.3193,0,0.3406,-2.13,187,2,2,-8.36,0.714,PASS,false,false,L
1159,2026-09-23 19:25:04.481+00,2026-09-23 19:45:00+00,g3V8vSX3cpkcPbNdpnb4,823168,ROYCE_LEWIS_1_MLB,batting_hits,0.5,under,0.937,0.3435,0.3511,0,0.3652,-1.41,161,2,2,-8.36,0.986,PASS,false,false,L
1160,2026-09-23 19:25:04.481+00,2026-09-23 19:45:00+00,g3V8vSX3cpkcPbNdpnb4,823168,BROOKS_LEE_1_MLB,batting_totalBases,1.5,under,1.992,0.5227,0.5353,0,0.5586,-2.33,-146,3,3,-9.81,1,PASS,true,false,W
1161,2026-09-23 19:25:04.481+00,2026-09-23 19:45:00+00,g3V8vSX3cpkcPbNdpnb4,823168,JOSHUA_BELL_1_MLB,batting_totalBases,1.5,under,1.832,0.5432,0.561,0,0.5939,-3.3,-170,3,3,-10.91,1,PASS,true,false,W
1162,2026-09-23 19:25:04.481+00,2026-09-23 19:45:00+00,g3V8vSX3cpkcPbNdpnb4,823168,CHRISTIAN_KOSS_1_MLB,batting_hits,0.5,under,0.873,0.3715,0.3996,0,0.4516,-5.21,115,2,2,-14.09,0.414,PASS,true,false,W
1163,2026-09-23 19:25:04.481+00,2026-09-23 19:45:00+00,g3V8vSX3cpkcPbNdpnb4,823168,CHRISTIAN_KOSS_1_MLB,batting_totalBases,0.5,under,1.317,0.3767,0.3989,0,0.4403,-4.13,115,2,2,-14.23,0.414,PASS,true,false,W
1164,2026-09-23 19:25:04.481+00,2026-09-23 19:45:00+00,g3V8vSX3cpkcPbNdpnb4,823168,MARCELO_MAYER_1_MLB,batting_totalBases,0.5,under,1.319,0.3772,0.4077,0,0.4642,-5.65,105,2,2,-16.43,0.464,PASS,true,false,W
1165,2026-09-23 19:25:04.481+00,2026-09-23 19:45:00+00,g3V8vSX3cpkcPbNdpnb4,823168,MARCELO_MAYER_1_MLB,batting_hits,0.5,under,0.874,0.3724,0.4022,0,0.4578,-5.55,105,2,2,-17.54,0.464,PASS,true,false,W
1166,2026-09-23 19:25:04.481+00,2026-09-23 19:45:00+00,g3V8vSX3cpkcPbNdpnb4,823168,JOSHUA_BELL_1_MLB,batting_hits,0.5,under,1.121,0.2709,0.2978,0,0.3477,-4.99,175,2,2,-18.1,1,PASS,false,false,L
1167,2026-09-23 19:25:04.481+00,2026-09-23 19:45:00+00,g3V8vSX3cpkcPbNdpnb4,823168,SHAY_WHITCOMB_1_MLB,batting_totalBases,0.5,under,1.435,0.3722,0.4106,0,0.4818,-7.13,-105,2,2,-19.84,0.224,PASS,false,false,L
1168,2026-09-23 19:25:04.481+00,2026-09-23 19:45:00+00,g3V8vSX3cpkcPbNdpnb4,823168,JONAH_COX_1_MLB,batting_totalBases,0.5,under,1.666,0.2978,0.3289,0,0.3866,-5.77,143,2,2,-20.08,0.306,PASS,true,false,W
1169,2026-09-23 19:25:04.481+00,2026-09-23 19:45:00+00,g3V8vSX3cpkcPbNdpnb4,823168,SHAY_WHITCOMB_1_MLB,batting_hits,0.5,under,0.89,0.3651,0.407,0,0.4848,-7.78,-105,2,2,-20.54,0.224,PASS,false,false,L
1170,2026-09-23 19:25:04.481+00,2026-09-23 19:45:00+00,g3V8vSX3cpkcPbNdpnb4,823168,JONAH_COX_1_MLB,batting_hits,0.5,under,1.071,0.2921,0.33,0,0.4005,-7.05,140,2,2,-20.8,0.306,PASS,true,false,W
1171,2026-09-23 19:25:04.481+00,2026-09-23 19:45:00+00,g3V8vSX3cpkcPbNdpnb4,823168,CONNOR_PRIELIPP_1_MLB,pitching_strikeouts,5.5,under,6.828,0.3233,0.3965,0,0.5324,-13.6,-114,4,4,-25.57,1,PASS,true,false,W
1172,2026-09-23 19:25:04.481+00,2026-09-23 19:45:00+00,g3V8vSX3cpkcPbNdpnb4,823168,ANDREW_KNIZNER_1_MLB,batting_hits,0.5,over,,,,,0.5584,,-143,4,2,,0,PASS,true,false,W
1173,2026-09-23 19:25:04.481+00,2026-09-23 19:45:00+00,g3V8vSX3cpkcPbNdpnb4,823168,ANDREW_KNIZNER_1_MLB,batting_hits,0.5,under,,,,,0.4416,,115,2,2,,0,PASS,false,false,L
1174,2026-09-23 19:25:04.481+00,2026-09-23 19:45:00+00,g3V8vSX3cpkcPbNdpnb4,823168,BRETT_HARRIS_1_MLB,batting_hits,0.5,over,,,,,0.568,,-154,4,2,,0,PASS,false,false,L
1175,2026-09-23 19:25:04.481+00,2026-09-23 19:45:00+00,g3V8vSX3cpkcPbNdpnb4,823168,BRETT_HARRIS_1_MLB,batting_hits,0.5,under,,,,,0.432,,117,2,2,,0,PASS,true,false,W
1176,2026-09-23 19:25:04.481+00,2026-09-23 19:45:00+00,g3V8vSX3cpkcPbNdpnb4,823168,EMMANUEL_RODRIGUEZ_1_MLB,batting_hits,0.5,over,,,,,0.6178,,-181,4,2,,0,PASS,true,false,W
1177,2026-09-23 19:25:04.481+00,2026-09-23 19:45:00+00,g3V8vSX3cpkcPbNdpnb4,823168,EMMANUEL_RODRIGUEZ_1_MLB,batting_hits,0.5,under,,,,,0.3822,,155,2,2,,0,PASS,false,false,L
1180,2026-09-23 19:25:04.481+00,2026-09-23 19:45:00+00,g3V8vSX3cpkcPbNdpnb4,823168,ANDREW_KNIZNER_1_MLB,batting_totalBases,0.5,over,,,,,0.5662,,-154,2,2,,0,PASS,true,false,W
1181,2026-09-23 19:25:04.481+00,2026-09-23 19:45:00+00,g3V8vSX3cpkcPbNdpnb4,823168,ANDREW_KNIZNER_1_MLB,batting_totalBases,0.5,under,,,,,0.4338,,115,2,2,,0,PASS,false,false,L
1182,2026-09-23 19:25:04.481+00,2026-09-23 19:45:00+00,g3V8vSX3cpkcPbNdpnb4,823168,ANDREW_KNIZNER_1_MLB,batting_totalBases,1.5,over,,,,,,,193,2,0,,0,PASS,true,false,W
1183,2026-09-23 19:25:04.481+00,2026-09-23 19:45:00+00,g3V8vSX3cpkcPbNdpnb4,823168,ANDREW_KNIZNER_1_MLB,batting_totalBases,1.5,under,,,,,,,,0,0,,0,PASS,false,false,L
1186,2026-09-23 19:25:04.481+00,2026-09-23 19:45:00+00,g3V8vSX3cpkcPbNdpnb4,823168,BRETT_HARRIS_1_MLB,batting_totalBases,0.5,over,,,,,0.5662,,-154,2,2,,0,PASS,false,false,L
1187,2026-09-23 19:25:04.481+00,2026-09-23 19:45:00+00,g3V8vSX3cpkcPbNdpnb4,823168,BRETT_HARRIS_1_MLB,batting_totalBases,0.5,under,,,,,0.4338,,115,2,2,,0,PASS,true,false,W
1188,2026-09-23 19:25:04.481+00,2026-09-23 19:45:00+00,g3V8vSX3cpkcPbNdpnb4,823168,BRETT_HARRIS_1_MLB,batting_totalBases,1.5,over,,,,,,,187,2,0,,0,PASS,false,false,L
1189,2026-09-23 19:25:04.481+00,2026-09-23 19:45:00+00,g3V8vSX3cpkcPbNdpnb4,823168,BRETT_HARRIS_1_MLB,batting_totalBases,1.5,under,,,,,,,,0,0,,0,PASS,true,false,W
1190,2026-09-23 19:25:04.481+00,2026-09-23 19:45:00+00,g3V8vSX3cpkcPbNdpnb4,823168,CHRISTIAN_KOSS_1_MLB,batting_totalBases,1.5,under,1.317,0.6739,0.6739,0,,,,0,0,,0.414,PASS,true,false,W
1191,2026-09-23 19:25:04.481+00,2026-09-23 19:45:00+00,g3V8vSX3cpkcPbNdpnb4,823168,JONAH_COX_1_MLB,batting_totalBases,1.5,under,1.666,0.588,0.588,0,,,,0,0,,0.306,PASS,true,false,W
1192,2026-09-23 19:25:04.481+00,2026-09-23 19:45:00+00,g3V8vSX3cpkcPbNdpnb4,823168,KODY_CLEMENS_1_MLB,batting_totalBases,1.5,over,,,,,0.4127,,126,1,1,,0,PASS,false,false,L
1193,2026-09-23 19:25:04.481+00,2026-09-23 19:45:00+00,g3V8vSX3cpkcPbNdpnb4,823168,KODY_CLEMENS_1_MLB,batting_totalBases,1.5,under,,,,,0.5873,,-170,1,1,,0,PASS,true,false,W
1196,2026-09-23 19:25:04.481+00,2026-09-23 19:45:00+00,g3V8vSX3cpkcPbNdpnb4,823168,RYAN_KREIDLER_1_MLB,batting_totalBases,0.5,over,,,,,0.5411,,-137,1,1,,0,PASS,false,false,L
1197,2026-09-23 19:25:04.481+00,2026-09-23 19:45:00+00,g3V8vSX3cpkcPbNdpnb4,823168,RYAN_KREIDLER_1_MLB,batting_totalBases,0.5,under,,,,,0.4589,,104,1,1,,0,PASS,true,false,W
1198,2026-09-23 19:25:04.481+00,2026-09-23 19:45:00+00,g3V8vSX3cpkcPbNdpnb4,823168,SHAY_WHITCOMB_1_MLB,batting_totalBases,1.5,under,1.435,0.6481,0.6481,0,,,,0,0,,0.224,PASS,false,false,L
1199,2026-09-23 19:25:04.481+00,2026-09-23 19:45:00+00,g3V8vSX3cpkcPbNdpnb4,823168,KODY_CLEMENS_1_MLB,batting_hits,0.5,over,,,,,,,-218,1,0,,0,PASS,false,false,L
1200,2026-09-23 19:25:04.481+00,2026-09-23 19:45:00+00,g3V8vSX3cpkcPbNdpnb4,823168,KODY_CLEMENS_1_MLB,batting_hits,0.5,under,,,,,,,,0,0,,0,PASS,true,false,W
1201,2026-09-23 19:25:04.481+00,2026-09-23 19:45:00+00,g3V8vSX3cpkcPbNdpnb4,823168,RYAN_KREIDLER_1_MLB,batting_hits,0.5,over,,,,,,,-145,1,0,,0,PASS,false,false,L
1202,2026-09-23 19:25:04.481+00,2026-09-23 19:45:00+00,g3V8vSX3cpkcPbNdpnb4,823168,RYAN_KREIDLER_1_MLB,batting_hits,0.5,under,,,,,,,,0,0,,0,PASS,true,false,W
1203,2026-09-23 19:25:04.481+00,2026-09-23 19:45:00+00,g3V8vSX3cpkcPbNdpnb4,823168,EMMANUEL_RODRIGUEZ_1_MLB,batting_totalBases,1.5,over,,,,,0.3673,,165,4,2,,0,PASS,false,false,L
1204,2026-09-23 19:25:04.481+00,2026-09-23 19:45:00+00,g3V8vSX3cpkcPbNdpnb4,823168,EMMANUEL_RODRIGUEZ_1_MLB,batting_totalBases,1.5,under,,,,,0.6327,,-197,2,2,,0,PASS,true,false,W
1205,2026-09-23 19:25:04.481+00,2026-09-23 19:45:00+00,g3V8vSX3cpkcPbNdpnb4,823168,MARCELO_MAYER_1_MLB,batting_totalBases,1.5,under,1.319,0.6636,0.6636,0,,,,0,0,,0.464,PASS,true,false,W
1206,2026-09-23 19:25:04.481+00,2026-09-23 19:45:00+00,g3V8vSX3cpkcPbNdpnb4,823168,ALAN_RODEN_1_MLB,batting_hits,0.5,over,,,,,0.6047,,-177,4,2,,0,PASS,true,false,W
1207,2026-09-23 19:25:04.481+00,2026-09-23 19:45:00+00,g3V8vSX3cpkcPbNdpnb4,823168,ALAN_RODEN_1_MLB,batting_hits,0.5,under,,,,,0.3953,,140,2,2,,0,PASS,false,false,L
1208,2026-09-23 19:25:04.481+00,2026-09-23 19:45:00+00,g3V8vSX3cpkcPbNdpnb4,823168,ALAN_RODEN_1_MLB,batting_totalBases,0.5,over,,,,,0.6034,,-176,2,2,,0,PASS,true,false,W
1209,2026-09-23 19:25:04.481+00,2026-09-23 19:45:00+00,g3V8vSX3cpkcPbNdpnb4,823168,ALAN_RODEN_1_MLB,batting_totalBases,0.5,under,,,,,0.3966,,140,2,2,,0,PASS,false,false,L
1210,2026-09-23 19:25:04.481+00,2026-09-23 19:45:00+00,g3V8vSX3cpkcPbNdpnb4,823168,ALAN_RODEN_1_MLB,batting_totalBases,1.5,over,,,,,,,172,2,0,,0,PASS,false,false,L
1211,2026-09-23 19:25:04.481+00,2026-09-23 19:45:00+00,g3V8vSX3cpkcPbNdpnb4,823168,ALAN_RODEN_1_MLB,batting_totalBases,1.5,under,,,,,,,,0,0,,0,PASS,true,false,W
1240,2026-09-23 21:25:03.583+00,2026-09-23 22:35:00+00,5OFY1dEfqlgQ0ElOZi9n,824784,ALEJANDRO_KIRK_1_MLB,batting_hits,0.5,over,,,,,0.6368,,-212,3,1,,0,PENDING,true,false,W
1241,2026-09-23 21:25:03.583+00,2026-09-23 22:35:00+00,5OFY1dEfqlgQ0ElOZi9n,824784,ALEJANDRO_KIRK_1_MLB,batting_hits,0.5,under,,,,,0.3632,,158,1,1,,0,PENDING,false,false,L
1244,2026-09-23 21:25:03.583+00,2026-09-23 22:35:00+00,5OFY1dEfqlgQ0ElOZi9n,824784,CHRISTIAN_ENCARNACIONSTRAND_1_MLB,batting_hits,0.5,over,,,,,,,-185,2,0,,0,PENDING,true,false,W
1245,2026-09-23 21:25:03.583+00,2026-09-23 22:35:00+00,5OFY1dEfqlgQ0ElOZi9n,824784,CHRISTIAN_ENCARNACIONSTRAND_1_MLB,batting_hits,0.5,under,,,,,,,,0,0,,0,PENDING,false,false,L
1246,2026-09-23 21:25:03.583+00,2026-09-23 22:35:00+00,5OFY1dEfqlgQ0ElOZi9n,824784,CHRISTIAN_ENCARNACIONSTRAND_1_MLB,batting_hits,1.5,over,,,,,,,260,1,0,,0,PENDING,true,false,W
1247,2026-09-23 21:25:03.583+00,2026-09-23 22:35:00+00,5OFY1dEfqlgQ0ElOZi9n,824784,CHRISTIAN_ENCARNACIONSTRAND_1_MLB,batting_hits,1.5,under,,,,,,,,0,0,,0,PENDING,false,false,L
1248,2026-09-23 21:25:03.583+00,2026-09-23 22:35:00+00,5OFY1dEfqlgQ0ElOZi9n,824784,COBY_MAYO_1_MLB,batting_hits,0.5,over,,,,,,,-164,3,0,,0,PENDING,true,false,W
1249,2026-09-23 21:25:03.583+00,2026-09-23 22:35:00+00,5OFY1dEfqlgQ0ElOZi9n,824784,COBY_MAYO_1_MLB,batting_hits,0.5,under,,,,,,,,0,0,,0,PENDING,false,false,L
1250,2026-09-23 21:25:03.583+00,2026-09-23 22:35:00+00,5OFY1dEfqlgQ0ElOZi9n,824784,COLTON_COWSER_1_MLB,batting_hits,0.5,over,,,,,,,-108,3,0,,0,PENDING,true,false,W
1251,2026-09-23 21:25:03.583+00,2026-09-23 22:35:00+00,5OFY1dEfqlgQ0ElOZi9n,824784,COLTON_COWSER_1_MLB,batting_hits,0.5,under,,,,,,,,0,0,,0,PENDING,false,false,L
1252,2026-09-23 21:25:03.583+00,2026-09-23 22:35:00+00,5OFY1dEfqlgQ0ElOZi9n,824784,DYLAN_BEAVERS_1_MLB,batting_hits,0.5,over,,,,,,,-145,3,0,,0,PENDING,false,false,L
1253,2026-09-23 21:25:03.583+00,2026-09-23 22:35:00+00,5OFY1dEfqlgQ0ElOZi9n,824784,DYLAN_BEAVERS_1_MLB,batting_hits,0.5,under,,,,,,,,0,0,,0,PENDING,true,false,W
1254,2026-09-23 21:25:03.583+00,2026-09-23 22:35:00+00,5OFY1dEfqlgQ0ElOZi9n,824784,ERNIE_CLEMENT_1_MLB,batting_hits,0.5,over,,,,,0.6368,,-195,3,1,,0,PENDING,false,false,L
1255,2026-09-23 21:25:03.583+00,2026-09-23 22:35:00+00,5OFY1dEfqlgQ0ElOZi9n,824784,ERNIE_CLEMENT_1_MLB,batting_hits,0.5,under,,,,,0.3632,,158,1,1,,0,PENDING,true,false,W
1258,2026-09-23 21:25:03.583+00,2026-09-23 22:35:00+00,5OFY1dEfqlgQ0ElOZi9n,824784,GUNNAR_HENDERSON_1_MLB,batting_hits,0.5,over,,,,,,,-185,3,0,,0,PENDING,false,false,L
1259,2026-09-23 21:25:03.583+00,2026-09-23 22:35:00+00,5OFY1dEfqlgQ0ElOZi9n,824784,GUNNAR_HENDERSON_1_MLB,batting_hits,0.5,under,,,,,,,,0,0,,0,PENDING,true,false,W
1260,2026-09-23 21:25:03.583+00,2026-09-23 22:35:00+00,5OFY1dEfqlgQ0ElOZi9n,824784,JEREMIAH_JACKSON_1_MLB,batting_hits,0.5,over,,,,,,,-150,3,0,,0,PENDING,false,false,L
1261,2026-09-23 21:25:03.583+00,2026-09-23 22:35:00+00,5OFY1dEfqlgQ0ElOZi9n,824784,JEREMIAH_JACKSON_1_MLB,batting_hits,0.5,under,,,,,,,,0,0,,0,PENDING,true,false,W
1262,2026-09-23 21:25:03.583+00,2026-09-23 22:35:00+00,5OFY1dEfqlgQ0ElOZi9n,824784,JOSH_SMITH_1_MLB,batting_hits,0.5,over,,,,,0.5371,,-135,3,1,,0,PENDING,false,false,L
1263,2026-09-23 21:25:03.583+00,2026-09-23 22:35:00+00,5OFY1dEfqlgQ0ElOZi9n,824784,JOSH_SMITH_1_MLB,batting_hits,0.5,under,,,,,0.4629,,102,1,1,,0,PENDING,true,false,W
1264,2026-09-23 21:25:03.583+00,2026-09-23 22:35:00+00,5OFY1dEfqlgQ0ElOZi9n,824784,KAZUMA_OKAMOTO_1_MLB,batting_hits,0.5,over,,,,,0.567,,-154,3,1,,0,PENDING,false,false,L
1265,2026-09-23 21:25:03.583+00,2026-09-23 22:35:00+00,5OFY1dEfqlgQ0ElOZi9n,824784,KAZUMA_OKAMOTO_1_MLB,batting_hits,0.5,under,,,,,0.433,,116,1,1,,0,PENDING,true,false,W
1268,2026-09-23 21:25:03.583+00,2026-09-23 22:35:00+00,5OFY1dEfqlgQ0ElOZi9n,824784,NATHAN_LUKES_1_MLB,batting_hits,0.5,over,,,,,0.6463,,-220,3,1,,0,PENDING,true,false,W
1269,2026-09-23 21:25:03.583+00,2026-09-23 22:35:00+00,5OFY1dEfqlgQ0ElOZi9n,824784,NATHAN_LUKES_1_MLB,batting_hits,0.5,under,,,,,0.3537,,165,1,1,,0,PENDING,false,false,L
1270,2026-09-23 21:25:03.583+00,2026-09-23 22:35:00+00,5OFY1dEfqlgQ0ElOZi9n,824784,PETE_ALONSO_1_MLB,batting_hits,0.5,over,,,,,,,-191,3,0,,0,PENDING,false,false,L
1271,2026-09-23 21:25:03.583+00,2026-09-23 22:35:00+00,5OFY1dEfqlgQ0ElOZi9n,824784,PETE_ALONSO_1_MLB,batting_hits,0.5,under,,,,,,,,0,0,,0,PENDING,true,false,W
1272,2026-09-23 21:25:03.583+00,2026-09-23 22:35:00+00,5OFY1dEfqlgQ0ElOZi9n,824784,SEAN_KEYS_1_MLB,batting_hits,0.5,over,,,,,0.5541,,-145,3,1,,0,PENDING,true,false,W
1273,2026-09-23 21:25:03.583+00,2026-09-23 22:35:00+00,5OFY1dEfqlgQ0ElOZi9n,824784,SEAN_KEYS_1_MLB,batting_hits,0.5,under,,,,,0.4459,,110,1,1,,0,PENDING,false,false,L
1274,2026-09-23 21:25:03.583+00,2026-09-23 22:35:00+00,5OFY1dEfqlgQ0ElOZi9n,824784,ALEJANDRO_KIRK_1_MLB,batting_totalBases,1.5,over,,,,,0.3773,,155,3,2,,0,PENDING,false,false,L
1275,2026-09-23 21:25:03.583+00,2026-09-23 22:35:00+00,5OFY1dEfqlgQ0ElOZi9n,824784,ALEJANDRO_KIRK_1_MLB,batting_totalBases,1.5,under,,,,,0.6227,,-197,2,2,,0,PENDING,true,false,W
1280,2026-09-23 21:25:03.583+00,2026-09-23 22:35:00+00,5OFY1dEfqlgQ0ElOZi9n,824784,CHRISTIAN_ENCARNACIONSTRAND_1_MLB,batting_totalBases,1.5,over,,,,,,,145,2,0,,0,PENDING,true,false,W
1281,2026-09-23 21:25:03.583+00,2026-09-23 22:35:00+00,5OFY1dEfqlgQ0ElOZi9n,824784,CHRISTIAN_ENCARNACIONSTRAND_1_MLB,batting_totalBases,1.5,under,,,,,,,,0,0,,0,PENDING,false,false,L
1282,2026-09-23 21:25:03.583+00,2026-09-23 22:35:00+00,5OFY1dEfqlgQ0ElOZi9n,824784,COBY_MAYO_1_MLB,batting_totalBases,1.5,over,,,,,,,143,2,0,,0,PENDING,true,false,W
1283,2026-09-23 21:25:03.583+00,2026-09-23 22:35:00+00,5OFY1dEfqlgQ0ElOZi9n,824784,COBY_MAYO_1_MLB,batting_totalBases,1.5,under,,,,,,,,0,0,,0,PENDING,false,false,L
1284,2026-09-23 21:25:03.583+00,2026-09-23 22:35:00+00,5OFY1dEfqlgQ0ElOZi9n,824784,COLTON_COWSER_1_MLB,batting_totalBases,1.5,over,,,,,,,233,2,0,,0,PENDING,true,false,W
1285,2026-09-23 21:25:03.583+00,2026-09-23 22:35:00+00,5OFY1dEfqlgQ0ElOZi9n,824784,COLTON_COWSER_1_MLB,batting_totalBases,1.5,under,,,,,,,,0,0,,0,PENDING,false,false,L
1286,2026-09-23 21:25:03.583+00,2026-09-23 22:35:00+00,5OFY1dEfqlgQ0ElOZi9n,824784,DYLAN_BEAVERS_1_MLB,batting_totalBases,0.5,over,,,,,0.5735,,-159,1,1,,0,PENDING,false,false,L
1287,2026-09-23 21:25:03.583+00,2026-09-23 22:35:00+00,5OFY1dEfqlgQ0ElOZi9n,824784,DYLAN_BEAVERS_1_MLB,batting_totalBases,0.5,under,,,,,0.4265,,119,1,1,,0,PENDING,true,false,W
1288,2026-09-23 21:25:03.583+00,2026-09-23 22:35:00+00,5OFY1dEfqlgQ0ElOZi9n,824784,DYLAN_BEAVERS_1_MLB,batting_totalBases,1.5,over,,,,,,,188,2,0,,0,PENDING,false,false,L
1289,2026-09-23 21:25:03.583+00,2026-09-23 22:35:00+00,5OFY1dEfqlgQ0ElOZi9n,824784,DYLAN_BEAVERS_1_MLB,batting_totalBases,1.5,under,,,,,,,,0,0,,0,PENDING,true,false,W
1290,2026-09-23 21:25:03.583+00,2026-09-23 22:35:00+00,5OFY1dEfqlgQ0ElOZi9n,824784,ERNIE_CLEMENT_1_MLB,batting_totalBases,1.5,over,,,,,0.3633,,165,3,2,,0,PENDING,false,false,L
1291,2026-09-23 21:25:03.583+00,2026-09-23 22:35:00+00,5OFY1dEfqlgQ0ElOZi9n,824784,ERNIE_CLEMENT_1_MLB,batting_totalBases,1.5,under,,,,,0.6367,,-206,2,2,,0,PENDING,true,false,W
1294,2026-09-23 21:25:03.583+00,2026-09-23 22:35:00+00,5OFY1dEfqlgQ0ElOZi9n,824784,GUNNAR_HENDERSON_1_MLB,batting_totalBases,1.5,over,,,,,0.408,,151,3,1,,0,PENDING,false,false,L
1295,2026-09-23 21:25:03.583+00,2026-09-23 22:35:00+00,5OFY1dEfqlgQ0ElOZi9n,824784,GUNNAR_HENDERSON_1_MLB,batting_totalBases,1.5,under,,,,,0.592,,-173,1,1,,0,PENDING,true,false,W
1296,2026-09-23 21:25:03.583+00,2026-09-23 22:35:00+00,5OFY1dEfqlgQ0ElOZi9n,824784,JEREMIAH_JACKSON_1_MLB,batting_totalBases,0.5,over,,,,,0.5862,,-170,1,1,,0,PENDING,false,false,L
1297,2026-09-23 21:25:03.583+00,2026-09-23 22:35:00+00,5OFY1dEfqlgQ0ElOZi9n,824784,JEREMIAH_JACKSON_1_MLB,batting_totalBases,0.5,under,,,,,0.4138,,125,1,1,,0,PENDING,true,false,W
1298,2026-09-23 21:25:03.583+00,2026-09-23 22:35:00+00,5OFY1dEfqlgQ0ElOZi9n,824784,JEREMIAH_JACKSON_1_MLB,batting_totalBases,1.5,over,,,,,,,190,2,0,,0,PENDING,false,false,L
1299,2026-09-23 21:25:03.583+00,2026-09-23 22:35:00+00,5OFY1dEfqlgQ0ElOZi9n,824784,JEREMIAH_JACKSON_1_MLB,batting_totalBases,1.5,under,,,,,,,,0,0,,0,PENDING,true,false,W
1300,2026-09-23 21:25:03.583+00,2026-09-23 22:35:00+00,5OFY1dEfqlgQ0ElOZi9n,824784,JOSH_SMITH_1_MLB,batting_totalBases,1.5,over,,,,,,,214,2,0,,0,PENDING,false,false,L
1301,2026-09-23 21:25:03.583+00,2026-09-23 22:35:00+00,5OFY1dEfqlgQ0ElOZi9n,824784,JOSH_SMITH_1_MLB,batting_totalBases,1.5,under,,,,,,,,0,0,,0,PENDING,true,false,W
1302,2026-09-23 21:25:03.583+00,2026-09-23 22:35:00+00,5OFY1dEfqlgQ0ElOZi9n,824784,KAZUMA_OKAMOTO_1_MLB,batting_totalBases,1.5,over,,,,,,,161,2,0,,0,PENDING,false,false,L
1303,2026-09-23 21:25:03.583+00,2026-09-23 22:35:00+00,5OFY1dEfqlgQ0ElOZi9n,824784,KAZUMA_OKAMOTO_1_MLB,batting_totalBases,1.5,under,,,,,,,,0,0,,0,PENDING,true,false,W
1306,2026-09-23 21:25:03.583+00,2026-09-23 22:35:00+00,5OFY1dEfqlgQ0ElOZi9n,824784,NATHAN_LUKES_1_MLB,batting_totalBases,1.5,over,,,,,0.3766,,149,3,2,,0,PENDING,true,false,W
1307,2026-09-23 21:25:03.583+00,2026-09-23 22:35:00+00,5OFY1dEfqlgQ0ElOZi9n,824784,NATHAN_LUKES_1_MLB,batting_totalBases,1.5,under,,,,,0.6234,,-199,2,2,,0,PENDING,false,false,L
1308,2026-09-23 21:25:03.583+00,2026-09-23 22:35:00+00,5OFY1dEfqlgQ0ElOZi9n,824784,PETE_ALONSO_1_MLB,batting_totalBases,1.5,over,,,,,0.4138,,140,3,1,,0,PENDING,false,false,L
1309,2026-09-23 21:25:03.583+00,2026-09-23 22:35:00+00,5OFY1dEfqlgQ0ElOZi9n,824784,PETE_ALONSO_1_MLB,batting_totalBases,1.5,under,,,,,0.5862,,-170,1,1,,0,PENDING,true,false,W
1310,2026-09-23 21:25:03.583+00,2026-09-23 22:35:00+00,5OFY1dEfqlgQ0ElOZi9n,824784,SEAN_KEYS_1_MLB,batting_totalBases,1.5,over,,,,,,,190,2,0,,0,PENDING,false,false,L
1311,2026-09-23 21:25:03.583+00,2026-09-23 22:35:00+00,5OFY1dEfqlgQ0ElOZi9n,824784,SEAN_KEYS_1_MLB,batting_totalBases,1.5,under,,,,,,,,0,0,,0,PENDING,true,false,W
1312,2026-09-23 21:25:03.583+00,2026-09-23 22:35:00+00,5OFY1dEfqlgQ0ElOZi9n,824784,MYLES_STRAW_1_MLB,batting_hits,0.5,over,,,,,0.5261,,-129,3,1,,0,PENDING,true,false,W
1313,2026-09-23 21:25:03.583+00,2026-09-23 22:35:00+00,5OFY1dEfqlgQ0ElOZi9n,824784,MYLES_STRAW_1_MLB,batting_hits,0.5,under,,,,,0.4739,,-103,1,1,,0,PENDING,false,false,L
1314,2026-09-23 21:25:03.583+00,2026-09-23 22:35:00+00,5OFY1dEfqlgQ0ElOZi9n,824784,MYLES_STRAW_1_MLB,batting_totalBases,1.5,over,,,,,,,238,2,0,,0,PENDING,false,false,L
1315,2026-09-23 21:25:03.583+00,2026-09-23 22:35:00+00,5OFY1dEfqlgQ0ElOZi9n,824784,MYLES_STRAW_1_MLB,batting_totalBases,1.5,under,,,,,,,,0,0,,0,PENDING,true,false,W
1316,2026-09-23 21:25:03.583+00,2026-09-23 22:35:00+00,5OFY1dEfqlgQ0ElOZi9n,824784,YOHEL_POZO_1_MLB,batting_hits,0.5,over,,,,,,,-115,2,0,,0,PENDING,false,false,L
1317,2026-09-23 21:25:03.583+00,2026-09-23 22:35:00+00,5OFY1dEfqlgQ0ElOZi9n,824784,YOHEL_POZO_1_MLB,batting_hits,0.5,under,,,,,,,,0,0,,0,PENDING,true,false,W
1318,2026-09-23 21:25:03.583+00,2026-09-23 22:35:00+00,5OFY1dEfqlgQ0ElOZi9n,824784,YOHEL_POZO_1_MLB,batting_totalBases,1.5,over,,,,,,,252,2,0,,0,PENDING,false,false,L
1319,2026-09-23 21:25:03.583+00,2026-09-23 22:35:00+00,5OFY1dEfqlgQ0ElOZi9n,824784,YOHEL_POZO_1_MLB,batting_totalBases,1.5,under,,,,,,,,0,0,,0,PENDING,true,false,W
1213,2026-09-23 21:25:03.583+00,2026-09-23 22:40:00+00,tvl3DFfwzt4msvanUvqD,823410,BRANDON_MARSH_1_MLB,batting_hits,0.5,over,0.931,0.6537,0.5953,0,0.4869,10.84,-103,4,2,17.33,1,PLAY,false,false,L
1215,2026-09-23 21:25:03.583+00,2026-09-23 22:40:00+00,tvl3DFfwzt4msvanUvqD,823410,BRANDON_MARSH_1_MLB,batting_totalBases,0.5,over,1.469,0.6537,0.5976,0,0.4935,10.41,-109,2,2,14.59,1,PLAY,false,false,L
1219,2026-09-23 21:25:03.583+00,2026-09-23 22:40:00+00,Xqsrn2f6Lq1DS0yGHWaS,823327,BRANDON_LOWE_1_MLB,batting_hits,0.5,over,1.096,0.7223,0.6706,0,0.5745,9.61,-155,4,2,10.32,1,PLAY,true,false,W
1221,2026-09-23 21:25:03.583+00,2026-09-23 22:40:00+00,Xqsrn2f6Lq1DS0yGHWaS,823327,BRANDON_LOWE_1_MLB,batting_totalBases,0.5,over,2.059,0.7223,0.6697,0,0.572,9.77,-155,2,2,10.17,1,PLAY,true,false,W
1222,2026-09-23 21:25:03.583+00,2026-09-23 22:40:00+00,tvl3DFfwzt4msvanUvqD,823410,GARRETT_MITCHELL_1_MLB,batting_hits,0.5,over,1.119,0.7282,0.6819,0,0.596,8.59,-164,4,2,9.77,1,PLAY,false,false,L
1223,2026-09-23 21:25:03.583+00,2026-09-23 22:40:00+00,Xqsrn2f6Lq1DS0yGHWaS,823327,RYAN_OHEARN_1_MLB,batting_hits,0.5,over,1.042,0.7021,0.6564,0,0.5716,8.48,-150,4,2,9.4,0.866,PLAY,true,false,W
1224,2026-09-23 21:25:03.583+00,2026-09-23 22:40:00+00,tvl3DFfwzt4msvanUvqD,823410,JAKE_BAUERS_1_MLB,batting_hits,0.5,over,0.99,0.6822,0.6372,0,0.5537,8.35,-140,4,2,9.24,1,PLAY,false,false,L
1225,2026-09-23 21:25:03.583+00,2026-09-23 22:40:00+00,tvl3DFfwzt4msvanUvqD,823410,JAKE_BAUERS_1_MLB,batting_totalBases,0.5,over,1.82,0.6822,0.6362,0,0.551,8.53,-140,2,2,9.07,1,PLAY,false,false,L
1226,2026-09-23 21:25:03.583+00,2026-09-23 22:40:00+00,Xqsrn2f6Lq1DS0yGHWaS,823327,RYAN_OHEARN_1_MLB,batting_totalBases,0.5,over,1.728,0.701,0.6536,0,0.5655,8.81,-150,2,2,8.93,0.866,PLAY,true,false,W
1228,2026-09-23 21:25:03.583+00,2026-09-23 22:40:00+00,Xqsrn2f6Lq1DS0yGHWaS,823327,JAKE_MANGUM_1_MLB,batting_hits,0.5,over,1.051,0.7078,0.6667,0,0.5904,7.63,-161,4,2,8.08,0.924,PLAY,false,false,L
1230,2026-09-23 21:25:03.583+00,2026-09-23 22:40:00+00,tvl3DFfwzt4msvanUvqD,823410,BRICE_TURANG_1_MLB,batting_hits,0.5,over,1.046,0.7029,0.6671,0,0.6005,6.66,-164,4,2,7.38,1,PLAY,true,false,W
1232,2026-09-23 21:25:03.583+00,2026-09-23 22:40:00+00,tvl3DFfwzt4msvanUvqD,823410,GARRETT_MITCHELL_1_MLB,batting_totalBases,0.5,over,1.792,0.7282,0.6845,0,0.6034,8.11,-176,2,2,7.35,1,PLAY,false,false,L
1233,2026-09-23 21:25:03.583+00,2026-09-23 22:40:00+00,tvl3DFfwzt4msvanUvqD,823410,JUSTIN_CRAWFORD_1_MLB,batting_hits,0.5,over,0.864,0.6243,0.5847,0,0.5111,7.35,-120,4,2,7.19,0.9,PLAY,true,false,W
1234,2026-09-23 21:25:03.583+00,2026-09-23 22:40:00+00,Xqsrn2f6Lq1DS0yGHWaS,823327,NICK_GONZALES_1_MLB,batting_hits,0.5,over,1.269,0.7827,0.7345,0,0.6448,8.97,-218,4,2,7.14,1,PLAY,true,false,W
1238,2026-09-23 21:25:03.583+00,2026-09-23 22:40:00+00,tvl3DFfwzt4msvanUvqD,823410,JUSTIN_CRAWFORD_1_MLB,batting_totalBases,0.5,over,1.186,0.6235,0.5838,0,0.5101,7.37,-120,2,2,7.03,0.9,PLAY,true,false,W
1323,2026-09-23 21:25:03.583+00,2026-09-23 22:40:00+00,tvl3DFfwzt4msvanUvqD,823410,BRANDON_MARSH_1_MLB,batting_totalBases,1.5,over,1.469,0.3575,0.3575,0,,,262,2,0,29.43,1,PASS,false,false,L
1325,2026-09-23 21:25:03.583+00,2026-09-23 22:40:00+00,tvl3DFfwzt4msvanUvqD,823410,GARRETT_MITCHELL_1_MLB,batting_totalBases,1.5,over,1.792,0.471,0.471,0,,,169,2,0,26.69,1,PASS,false,false,L
1329,2026-09-23 21:25:03.583+00,2026-09-23 22:40:00+00,Xqsrn2f6Lq1DS0yGHWaS,823327,BRANDON_LOWE_1_MLB,batting_totalBases,1.5,over,2.059,0.4814,0.4814,0,,,159,2,0,24.69,1,PASS,true,false,W
1335,2026-09-23 21:25:03.583+00,2026-09-23 22:40:00+00,Xqsrn2f6Lq1DS0yGHWaS,823327,JAKE_MANGUM_1_MLB,batting_totalBases,1.5,over,1.411,0.3798,0.3798,0,,,211,2,0,18.13,0.924,PASS,false,false,L
1337,2026-09-23 21:25:03.583+00,2026-09-23 22:40:00+00,tvl3DFfwzt4msvanUvqD,823410,BRICE_TURANG_1_MLB,batting_totalBases,1.5,over,1.732,0.4408,0.4181,0,0.3759,4.22,180,3,1,17.07,1,PASS,true,false,W
1339,2026-09-23 21:25:03.583+00,2026-09-23 22:40:00+00,tvl3DFfwzt4msvanUvqD,823410,JUSTIN_CRAWFORD_1_MLB,batting_totalBases,1.5,over,1.186,0.3123,0.3123,0,,,272,2,0,16.17,0.9,PASS,false,false,L
1340,2026-09-23 21:25:03.583+00,2026-09-23 22:40:00+00,tvl3DFfwzt4msvanUvqD,823410,JAKE_BAUERS_1_MLB,batting_totalBases,1.5,over,1.82,0.4263,0.4263,0,,,172,2,0,15.96,1,PASS,false,false,L
1341,2026-09-23 21:25:03.583+00,2026-09-23 22:40:00+00,tvl3DFfwzt4msvanUvqD,823410,DAVID_HAMILTON_1_MLB,batting_totalBases,1.5,over,1.223,0.3084,0.3084,0,,,275,2,0,15.64,0.746,PASS,false,false,L
1342,2026-09-23 21:25:03.583+00,2026-09-23 22:40:00+00,Xqsrn2f6Lq1DS0yGHWaS,823327,JORDAN_WALKER_1_MLB,batting_totalBases,1.5,over,1.786,0.4355,0.4355,0,,,163,2,0,14.53,1,PASS,false,false,L
1343,2026-09-23 21:25:03.583+00,2026-09-23 22:40:00+00,Xqsrn2f6Lq1DS0yGHWaS,823327,RYAN_OHEARN_1_MLB,batting_totalBases,1.5,over,1.728,0.4144,0.4144,0,,,174,2,0,13.54,0.866,PASS,true,false,W
1344,2026-09-23 21:25:03.583+00,2026-09-23 22:40:00+00,Xqsrn2f6Lq1DS0yGHWaS,823327,RAFAEL_FLORES_1_MLB,batting_totalBases,1.5,over,1.92,0.4609,0.4348,0,0.3864,4.84,161,4,2,13.49,0.302,PASS,false,false,L
1350,2026-09-23 21:25:03.583+00,2026-09-23 22:40:00+00,tvl3DFfwzt4msvanUvqD,823410,BRYSON_STOTT_1_MLB,batting_totalBases,1.5,over,1.343,0.3534,0.3534,0,,,214,2,0,10.98,1,PASS,true,false,W
1351,2026-09-23 21:25:03.583+00,2026-09-23 22:40:00+00,tvl3DFfwzt4msvanUvqD,823410,DAVID_HAMILTON_1_MLB,batting_hits,0.5,over,0.861,0.6244,0.5816,0,0.502,7.95,-112,4,2,10.08,0.746,PASS,false,false,L
1352,2026-09-23 21:25:03.583+00,2026-09-23 22:40:00+00,Xqsrn2f6Lq1DS0yGHWaS,823327,NICK_GONZALES_1_MLB,batting_totalBases,1.5,over,1.637,0.4636,0.4345,0,0.3804,5.41,153,4,3,9.93,1,PASS,false,false,L
1353,2026-09-23 21:25:03.583+00,2026-09-23 22:40:00+00,tvl3DFfwzt4msvanUvqD,823410,JOEY_ORTIZ_1_MLB,batting_totalBases,1.5,over,1.565,0.3945,0.3945,0,,,178,2,0,9.67,0.806,PASS,false,false,L
1354,2026-09-23 21:25:03.583+00,2026-09-23 22:40:00+00,Xqsrn2f6Lq1DS0yGHWaS,823327,RAFAEL_FLORES_1_MLB,batting_hits,0.5,over,1.13,0.7309,0.687,0,0.6056,8.14,-168,4,2,9.6,0.302,PASS,false,false,L
1355,2026-09-23 21:25:03.583+00,2026-09-23 22:40:00+00,Xqsrn2f6Lq1DS0yGHWaS,823327,BRYAN_REYNOLDS_1_MLB,batting_totalBases,1.5,over,1.747,0.457,0.4339,0,0.3911,4.29,150,4,3,8.48,1,PASS,false,false,L
1356,2026-09-23 21:25:03.583+00,2026-09-23 22:40:00+00,tvl3DFfwzt4msvanUvqD,823410,LUIS_ARRAEZ_1_MLB,batting_totalBases,1.5,over,1.579,0.4371,0.4149,0,0.3737,4.12,161,4,3,8.28,1,PASS,false,false,L
1357,2026-09-23 21:25:03.583+00,2026-09-23 22:40:00+00,tvl3DFfwzt4msvanUvqD,823410,CHRISTIAN_YELICH_1_MLB,batting_totalBases,1.5,over,1.416,0.3645,0.3645,0,,,197,2,0,8.24,0.972,PASS,true,false,W
1358,2026-09-23 21:25:03.583+00,2026-09-23 22:40:00+00,Xqsrn2f6Lq1DS0yGHWaS,823327,NOLAN_GORMAN_1_MLB,batting_hits,0.5,over,0.742,0.5605,0.5277,0,0.4669,6.08,105,3,1,8.19,0.584,PASS,true,false,W
1360,2026-09-23 21:25:03.583+00,2026-09-23 22:40:00+00,tvl3DFfwzt4msvanUvqD,823410,DAVID_HAMILTON_1_MLB,batting_totalBases,0.5,over,1.223,0.6222,0.5817,0,0.5066,7.51,-117,2,2,7.89,0.746,PASS,false,false,L
1364,2026-09-23 21:25:03.583+00,2026-09-23 22:40:00+00,Xqsrn2f6Lq1DS0yGHWaS,823327,NOLAN_GORMAN_1_MLB,batting_totalBases,0.5,over,1.212,0.5565,0.5214,0,0.4562,6.52,105,1,1,6.88,0.584,PASS,true,false,W
1365,2026-09-23 21:25:03.583+00,2026-09-23 22:40:00+00,Xqsrn2f6Lq1DS0yGHWaS,823327,JARED_TRIOLO_1_MLB,batting_hits,0.5,over,0.928,0.6542,0.615,0,0.5422,7.28,-137,4,2,6.39,0.71,PASS,true,false,W
1366,2026-09-23 21:25:03.583+00,2026-09-23 22:40:00+00,tvl3DFfwzt4msvanUvqD,823410,KYLE_SCHWARBER_1_MLB,batting_hits,0.5,over,0.839,0.6101,0.5803,0,0.525,5.53,-120,4,2,6.39,1,PASS,false,false,L
1367,2026-09-23 21:25:03.583+00,2026-09-23 22:40:00+00,tvl3DFfwzt4msvanUvqD,823410,KYLE_SCHWARBER_1_MLB,batting_totalBases,0.5,over,1.832,0.6101,0.58,0,0.524,5.59,-120,2,2,6.33,1,PASS,false,false,L
1368,2026-09-23 21:25:03.583+00,2026-09-23 22:40:00+00,Xqsrn2f6Lq1DS0yGHWaS,823327,JARED_TRIOLO_1_MLB,batting_totalBases,0.5,over,1.266,0.6516,0.6136,0,0.5429,7.07,-137,2,2,6.14,0.71,PASS,true,false,W
1370,2026-09-23 21:25:03.583+00,2026-09-23 22:40:00+00,tvl3DFfwzt4msvanUvqD,823410,BRYCE_HARPER_1_MLB,batting_totalBases,1.5,over,1.689,0.41,0.41,0,,,157,2,0,5.37,1,PASS,false,false,L
1371,2026-09-23 21:25:03.583+00,2026-09-23 22:40:00+00,Xqsrn2f6Lq1DS0yGHWaS,823327,ALEC_BURLESON_1_MLB,batting_totalBases,1.5,over,1.764,0.4445,0.4297,0,0.4023,2.75,145,4,3,5.28,1,PASS,false,false,L
1372,2026-09-23 21:25:03.583+00,2026-09-23 22:40:00+00,Xqsrn2f6Lq1DS0yGHWaS,823327,JORDAN_WALKER_1_MLB,batting_hits,0.5,over,1.034,0.6964,0.6612,0,0.5959,6.53,-169,4,2,5.25,1,PASS,true,false,W
1373,2026-09-23 21:25:03.583+00,2026-09-23 22:40:00+00,Xqsrn2f6Lq1DS0yGHWaS,823327,JARED_TRIOLO_1_MLB,batting_totalBases,1.5,over,1.266,0.3289,0.3289,0,,,220,2,0,5.25,0.71,PASS,false,false,L
1377,2026-09-23 21:25:03.583+00,2026-09-23 22:40:00+00,tvl3DFfwzt4msvanUvqD,823410,LUIS_ARRAEZ_1_MLB,batting_hits,0.5,over,1.169,0.7477,0.7133,0,0.6493,6.4,-216,4,2,4.35,1,PASS,false,false,L
1378,2026-09-23 21:25:03.583+00,2026-09-23 22:40:00+00,Xqsrn2f6Lq1DS0yGHWaS,823327,KONNOR_GRIFFIN_1_MLB,batting_totalBases,1.5,over,1.812,0.4687,0.453,0,0.424,2.9,129,4,3,3.74,0.636,PASS,false,false,L
1379,2026-09-23 21:25:03.583+00,2026-09-23 22:40:00+00,Xqsrn2f6Lq1DS0yGHWaS,823327,JAKE_MANGUM_1_MLB,batting_totalBases,0.5,over,1.411,0.7072,0.6731,0,0.6098,6.33,-185,2,2,3.69,0.924,PASS,false,false,L
1380,2026-09-23 21:25:03.583+00,2026-09-23 22:40:00+00,tvl3DFfwzt4msvanUvqD,823410,JOEY_ORTIZ_1_MLB,batting_hits,0.5,over,1.028,0.6957,0.6663,0,0.6115,5.47,-180,4,2,3.64,0.806,PASS,true,false,W
1381,2026-09-23 21:25:03.583+00,2026-09-23 22:40:00+00,tvl3DFfwzt4msvanUvqD,823410,JACKSON_CHOURIO_1_MLB,batting_totalBases,1.5,over,2.069,0.5017,0.4796,0,0.4385,4.1,116,4,3,3.59,1,PASS,false,false,L
1383,2026-09-23 21:25:03.583+00,2026-09-23 22:40:00+00,Xqsrn2f6Lq1DS0yGHWaS,823327,JORDAN_WALKER_1_MLB,batting_totalBases,0.5,over,1.786,0.6964,0.6632,0,0.6016,6.16,-179,2,2,3.37,1,PASS,true,false,W
1384,2026-09-23 21:25:03.583+00,2026-09-23 22:40:00+00,tvl3DFfwzt4msvanUvqD,823410,BRYSON_STOTT_1_MLB,batting_hits,0.5,over,0.862,0.6217,0.5937,0,0.5416,5.21,-135,4,2,3.34,1,PASS,true,false,W
1385,2026-09-23 21:25:03.583+00,2026-09-23 22:40:00+00,tvl3DFfwzt4msvanUvqD,823410,BRYSON_STOTT_1_MLB,batting_totalBases,0.5,over,1.343,0.6217,0.5933,0,0.5406,5.27,-135,2,2,3.29,1,PASS,true,false,W
1386,2026-09-23 21:25:03.583+00,2026-09-23 22:40:00+00,Xqsrn2f6Lq1DS0yGHWaS,823327,BRYAN_REYNOLDS_1_MLB,batting_hits,0.5,over,1.078,0.7154,0.6872,0,0.6349,5.23,-200,4,2,3.08,1,PASS,false,false,L
1388,2026-09-23 21:25:03.583+00,2026-09-23 22:40:00+00,tvl3DFfwzt4msvanUvqD,823410,JACKSON_CHOURIO_1_MLB,batting_hits,0.5,over,1.226,0.7631,0.7325,0,0.6757,5.68,-250,4,2,2.55,1,PASS,true,false,W
1389,2026-09-23 21:25:03.583+00,2026-09-23 22:40:00+00,tvl3DFfwzt4msvanUvqD,823410,WILLIAM_CONTRERAS_1_MLB,batting_hits,0.5,over,1.098,0.7231,0.7026,0,0.6645,3.81,-220,4,2,2.2,1,PASS,true,false,W
1390,2026-09-23 21:25:03.583+00,2026-09-23 22:40:00+00,Xqsrn2f6Lq1DS0yGHWaS,823327,NATHAN_CHURCH_1_MLB,batting_hits,0.5,over,0.879,0.6303,0.6047,0,0.5571,4.75,-145,4,2,2.17,0.91,PASS,false,false,L
1391,2026-09-23 21:25:03.583+00,2026-09-23 22:40:00+00,Xqsrn2f6Lq1DS0yGHWaS,823327,KONNOR_GRIFFIN_1_MLB,batting_hits,0.5,over,1.204,0.7533,0.7261,0,0.6755,5.05,-246,4,2,2.13,0.636,PASS,false,false,L
1392,2026-09-23 21:25:03.583+00,2026-09-23 22:40:00+00,tvl3DFfwzt4msvanUvqD,823410,ALEC_BOHM_1_MLB,batting_totalBases,1.5,over,1.423,0.3644,0.3644,0,,,180,2,0,2.02,1,PASS,false,false,L
1393,2026-09-23 21:25:03.583+00,2026-09-23 22:40:00+00,tvl3DFfwzt4msvanUvqD,823410,BRYCE_HARPER_1_MLB,batting_totalBases,0.5,over,1.689,0.6545,0.6277,0,0.5779,4.98,-160,2,2,2,1,PASS,false,false,L
1394,2026-09-23 21:25:03.583+00,2026-09-23 22:40:00+00,tvl3DFfwzt4msvanUvqD,823410,BRYCE_HARPER_1_MLB,batting_hits,0.5,over,0.932,0.6545,0.6276,0,0.5777,4.99,-160,4,2,1.99,1,PASS,false,false,L
1395,2026-09-23 21:25:03.583+00,2026-09-23 22:40:00+00,tvl3DFfwzt4msvanUvqD,823410,TREA_TURNER_1_MLB,batting_totalBases,1.5,over,1.488,0.3708,0.3708,0,,,175,2,0,1.98,1,PASS,false,false,L
1396,2026-09-23 21:25:03.583+00,2026-09-23 22:40:00+00,Xqsrn2f6Lq1DS0yGHWaS,823327,NATHAN_CHURCH_1_MLB,batting_totalBases,0.5,over,1.309,0.6295,0.6035,0,0.5552,4.83,-145,2,2,1.97,0.91,PASS,false,false,L
1399,2026-09-23 21:25:03.583+00,2026-09-23 22:40:00+00,tvl3DFfwzt4msvanUvqD,823410,JOEY_ORTIZ_1_MLB,batting_totalBases,0.5,over,1.565,0.6941,0.6646,0,0.6098,5.49,-190,2,2,1.44,0.806,PASS,true,false,W
1400,2026-09-23 21:25:03.583+00,2026-09-23 22:40:00+00,Xqsrn2f6Lq1DS0yGHWaS,823327,MATT_LIBERATORE_1_MLB,pitching_strikeouts,4.5,under,4.764,0.4828,0.4711,0,0.4492,2.19,115,4,4,1.28,1,PASS,false,false,L
1401,2026-09-23 21:25:03.583+00,2026-09-23 22:40:00+00,Xqsrn2f6Lq1DS0yGHWaS,823327,NATHAN_CHURCH_1_MLB,batting_totalBases,1.5,over,1.309,0.3275,0.3275,0,,,209,2,0,1.2,0.91,PASS,false,false,L
1402,2026-09-23 21:25:03.583+00,2026-09-23 22:40:00+00,tvl3DFfwzt4msvanUvqD,823410,BRICE_TURANG_1_MLB,batting_totalBases,0.5,over,1.732,0.7029,0.674,0,0.6203,5.37,-200,1,1,1.1,1,PASS,true,false,W
1403,2026-09-23 21:25:03.583+00,2026-09-23 22:40:00+00,Xqsrn2f6Lq1DS0yGHWaS,823327,ALEC_BURLESON_1_MLB,batting_hits,0.5,over,1.066,0.7084,0.6833,0,0.6368,4.66,-210,4,2,0.88,1,PASS,true,false,W
1404,2026-09-23 21:25:03.583+00,2026-09-23 22:40:00+00,tvl3DFfwzt4msvanUvqD,823410,WILLIAM_CONTRERAS_1_MLB,batting_totalBases,1.5,over,1.706,0.4324,0.425,0,0.4113,1.37,137,4,3,0.72,1,PASS,false,false,L
1405,2026-09-23 21:25:03.583+00,2026-09-23 22:40:00+00,tvl3DFfwzt4msvanUvqD,823410,CHRISTIAN_YELICH_1_MLB,batting_hits,0.5,over,0.889,0.6353,0.615,0,0.5773,3.77,-157,4,2,0.67,0.972,PASS,true,false,W
1406,2026-09-23 21:25:03.583+00,2026-09-23 22:40:00+00,Xqsrn2f6Lq1DS0yGHWaS,823327,JJ_WETHERHOLT_1_MLB,batting_hits,0.5,over,0.916,0.6445,0.6273,0,0.5954,3.19,-169,4,2,-0.15,1,PASS,true,false,W
1407,2026-09-23 21:25:03.583+00,2026-09-23 22:40:00+00,tvl3DFfwzt4msvanUvqD,823410,TREA_TURNER_1_MLB,batting_hits,0.5,over,0.942,0.6533,0.6324,0,0.5936,3.88,-173,4,2,-0.21,1,PASS,true,false,W
1408,2026-09-23 21:25:03.583+00,2026-09-23 22:40:00+00,tvl3DFfwzt4msvanUvqD,823410,TREA_TURNER_1_MLB,batting_totalBases,0.5,over,1.488,0.6533,0.6342,0,0.5989,3.54,-175,2,2,-0.33,1,PASS,true,false,W
1409,2026-09-23 21:25:03.583+00,2026-09-23 22:40:00+00,tvl3DFfwzt4msvanUvqD,823410,AARON_NOLA_1_MLB,pitching_strikeouts,5.5,under,5.44,0.5392,0.5324,0,0.5199,1.25,-115,4,4,-0.46,1,PASS,false,false,L
1410,2026-09-23 21:25:03.583+00,2026-09-23 22:40:00+00,Xqsrn2f6Lq1DS0yGHWaS,823327,NOLAN_GORMAN_1_MLB,batting_totalBases,1.5,over,1.212,0.2852,0.2852,0,,,249,2,0,-0.47,0.584,PASS,false,false,L
1411,2026-09-23 21:25:03.583+00,2026-09-23 22:40:00+00,tvl3DFfwzt4msvanUvqD,823410,CHRISTIAN_YELICH_1_MLB,batting_totalBases,0.5,over,1.416,0.635,0.6187,0,0.5883,3.04,-165,2,2,-0.64,0.972,PASS,true,false,W
1412,2026-09-23 21:25:03.583+00,2026-09-23 22:40:00+00,tvl3DFfwzt4msvanUvqD,823410,ALEC_BOHM_1_MLB,batting_totalBases,0.5,over,1.423,0.6495,0.6314,0,0.5979,3.35,-175,2,2,-0.78,1,PASS,true,false,W
1413,2026-09-23 21:25:03.583+00,2026-09-23 22:40:00+00,Xqsrn2f6Lq1DS0yGHWaS,823327,MASYN_WINN_1_MLB,batting_hits,0.5,over,0.763,0.5741,0.5604,0,0.5349,2.55,-130,4,2,-0.86,1,PASS,true,false,W
1414,2026-09-23 21:25:03.583+00,2026-09-23 22:40:00+00,tvl3DFfwzt4msvanUvqD,823410,ALEC_BOHM_1_MLB,batting_hits,0.5,over,0.922,0.6495,0.6309,0,0.5964,3.45,-175,4,2,-0.86,1,PASS,true,false,W
1415,2026-09-23 21:25:03.583+00,2026-09-23 22:40:00+00,tvl3DFfwzt4msvanUvqD,823410,LOGAN_HENDERSON_1_MLB,pitching_strikeouts,5.5,under,5.368,0.5517,0.54,0,0.5181,2.19,-120,4,4,-1.01,0.944,PASS,true,false,W
1416,2026-09-23 21:25:03.583+00,2026-09-23 22:40:00+00,tvl3DFfwzt4msvanUvqD,823410,JT_REALMUTO_1_MLB,batting_hits,0.5,over,0.707,0.5422,0.5292,0,0.5051,2.41,-115,4,2,-1.07,0.9,PASS,false,false,L
1417,2026-09-23 21:25:03.583+00,2026-09-23 22:40:00+00,Xqsrn2f6Lq1DS0yGHWaS,823327,MASYN_WINN_1_MLB,batting_totalBases,0.5,over,1.039,0.5741,0.5589,0,0.5308,2.81,-130,2,2,-1.11,1,PASS,true,false,W
1418,2026-09-23 21:25:03.583+00,2026-09-23 22:40:00+00,tvl3DFfwzt4msvanUvqD,823410,SAL_FRELICK_1_MLB,batting_hits,0.5,over,0.871,0.6279,0.6143,0,0.5891,2.52,-164,4,2,-1.12,0.744,PASS,false,false,L
1419,2026-09-23 21:25:03.583+00,2026-09-23 22:40:00+00,Xqsrn2f6Lq1DS0yGHWaS,823327,JJ_WETHERHOLT_1_MLB,batting_totalBases,0.5,over,1.392,0.6445,0.6291,0,0.6004,2.87,-176,2,2,-1.35,1,PASS,true,false,W
1421,2026-09-23 21:25:03.583+00,2026-09-23 22:40:00+00,tvl3DFfwzt4msvanUvqD,823410,SAL_FRELICK_1_MLB,batting_totalBases,0.5,over,1.245,0.6256,0.6117,0,0.5859,2.58,-165,2,2,-1.76,0.744,PASS,false,false,L
1422,2026-09-23 21:25:03.583+00,2026-09-23 22:40:00+00,tvl3DFfwzt4msvanUvqD,823410,JT_REALMUTO_1_MLB,batting_totalBases,0.5,over,1.133,0.5412,0.5305,0,0.5106,1.99,-120,2,2,-2.74,0.9,PASS,false,false,L
1423,2026-09-23 21:25:03.583+00,2026-09-23 22:40:00+00,tvl3DFfwzt4msvanUvqD,823410,KYLE_SCHWARBER_1_MLB,batting_totalBases,1.5,over,1.832,0.3983,0.3983,0,,,144,2,0,-2.82,1,PASS,false,false,L
1424,2026-09-23 21:25:03.583+00,2026-09-23 22:40:00+00,Xqsrn2f6Lq1DS0yGHWaS,823327,JOSE_FERMIN_1_MLB,batting_hits,0.5,over,0.852,0.6178,0.6056,0,0.583,2.26,-166,3,1,-2.96,0.716,PASS,true,false,W
1425,2026-09-23 21:25:03.583+00,2026-09-23 22:40:00+00,tvl3DFfwzt4msvanUvqD,823410,JT_REALMUTO_1_MLB,batting_totalBases,1.5,over,1.133,0.281,0.281,0,,,244,2,0,-3.33,0.9,PASS,false,false,L
1426,2026-09-23 21:25:03.583+00,2026-09-23 22:40:00+00,Xqsrn2f6Lq1DS0yGHWaS,823327,IVAN_HERRERA_1_MLB,batting_hits,0.5,over,0.893,0.6361,0.6277,0,0.6122,1.55,-190,4,2,-4.19,1,PASS,false,false,L
1427,2026-09-23 21:25:03.583+00,2026-09-23 22:40:00+00,Xqsrn2f6Lq1DS0yGHWaS,823327,IVAN_HERRERA_1_MLB,batting_totalBases,0.5,over,1.401,0.6361,0.6274,0,0.6113,1.61,-190,1,1,-4.24,1,PASS,false,false,L
1428,2026-09-23 21:25:03.583+00,2026-09-23 22:40:00+00,Xqsrn2f6Lq1DS0yGHWaS,823327,JOSE_FERMIN_1_MLB,batting_totalBases,1.5,over,1.261,0.3248,0.3248,0,,,193,2,0,-4.85,0.716,PASS,true,false,W
1429,2026-09-23 21:25:03.583+00,2026-09-23 22:40:00+00,tvl3DFfwzt4msvanUvqD,823410,WILLIAM_CONTRERAS_1_MLB,batting_totalBases,1.5,under,1.706,0.5676,0.575,0,0.5887,-1.37,-155,3,3,-5.4,1,PASS,true,false,W
1430,2026-09-23 21:25:03.583+00,2026-09-23 22:40:00+00,tvl3DFfwzt4msvanUvqD,823410,AARON_NOLA_1_MLB,pitching_strikeouts,5.5,over,5.44,0.4608,0.4676,0,0.4801,-1.25,102,4,4,-5.55,1,PASS,true,false,W
1431,2026-09-23 21:25:03.583+00,2026-09-23 22:40:00+00,tvl3DFfwzt4msvanUvqD,823410,SAL_FRELICK_1_MLB,batting_totalBases,1.5,over,1.245,0.327,0.327,0,,,187,2,0,-6.15,0.744,PASS,false,false,L
1434,2026-09-23 21:25:03.583+00,2026-09-23 22:40:00+00,Xqsrn2f6Lq1DS0yGHWaS,823327,MATT_LIBERATORE_1_MLB,pitching_strikeouts,4.5,over,4.764,0.5172,0.5289,0,0.5508,-2.19,-134,4,4,-7.63,1,PASS,true,false,W
1435,2026-09-23 21:25:03.583+00,2026-09-23 22:40:00+00,Xqsrn2f6Lq1DS0yGHWaS,823327,ALEC_BURLESON_1_MLB,batting_totalBases,1.5,under,1.764,0.5555,0.5703,0,0.5977,-2.75,-167,3,3,-8.83,1,PASS,true,false,W
1436,2026-09-23 21:25:03.583+00,2026-09-23 22:40:00+00,Xqsrn2f6Lq1DS0yGHWaS,823327,IVAN_HERRERA_1_MLB,batting_totalBases,1.5,over,1.401,0.3483,0.3483,0,,,161,2,0,-9.1,1,PASS,false,false,L
1438,2026-09-23 21:25:03.583+00,2026-09-23 22:40:00+00,Xqsrn2f6Lq1DS0yGHWaS,823327,IVAN_HERRERA_1_MLB,batting_hits,0.5,under,0.893,0.3639,0.3723,0,0.3878,-1.55,142,2,2,-9.92,1,PASS,true,false,W
1439,2026-09-23 21:25:03.583+00,2026-09-23 22:40:00+00,Xqsrn2f6Lq1DS0yGHWaS,823327,KONNOR_GRIFFIN_1_MLB,batting_totalBases,1.5,under,1.812,0.5313,0.547,0,0.576,-2.9,-155,3,3,-10.01,0.636,PASS,true,false,W
1441,2026-09-23 21:25:03.583+00,2026-09-23 22:40:00+00,tvl3DFfwzt4msvanUvqD,823410,JT_REALMUTO_1_MLB,batting_hits,0.5,under,0.707,0.4578,0.4708,0,0.4949,-2.41,-110,2,2,-10.12,0.9,PASS,true,false,W
1442,2026-09-23 21:25:03.583+00,2026-09-23 22:40:00+00,tvl3DFfwzt4msvanUvqD,823410,LOGAN_HENDERSON_1_MLB,pitching_strikeouts,5.5,over,5.368,0.4483,0.46,0,0.4819,-2.19,-105,4,4,-10.19,0.944,PASS,false,false,L
1443,2026-09-23 21:25:03.583+00,2026-09-23 22:40:00+00,tvl3DFfwzt4msvanUvqD,823410,JT_REALMUTO_1_MLB,batting_totalBases,0.5,under,1.133,0.4588,0.4695,0,0.4894,-1.99,-110,2,2,-10.37,0.9,PASS,true,false,W
1444,2026-09-23 21:25:03.583+00,2026-09-23 22:40:00+00,Xqsrn2f6Lq1DS0yGHWaS,823327,IVAN_HERRERA_1_MLB,batting_totalBases,0.5,under,1.401,0.3639,0.3726,0,0.3887,-1.61,140,1,1,-10.58,1,PASS,true,false,W
1445,2026-09-23 21:25:03.583+00,2026-09-23 22:40:00+00,tvl3DFfwzt4msvanUvqD,823410,LUIS_ARRAEZ_1_MLB,batting_totalBases,1.5,under,1.579,0.5629,0.5851,0,0.6263,-4.12,-190,3,3,-10.69,1,PASS,true,false,W
1446,2026-09-23 21:25:03.583+00,2026-09-23 22:40:00+00,tvl3DFfwzt4msvanUvqD,823410,SAL_FRELICK_1_MLB,batting_hits,0.5,under,0.871,0.3721,0.3857,0,0.4109,-2.52,131,2,2,-10.9,0.744,PASS,true,false,W
1447,2026-09-23 21:25:03.583+00,2026-09-23 22:40:00+00,Xqsrn2f6Lq1DS0yGHWaS,823327,JJ_WETHERHOLT_1_MLB,batting_totalBases,1.5,over,1.392,0.3305,0.3305,0,,,168,2,0,-11.43,1,PASS,true,false,W
1448,2026-09-23 21:25:03.583+00,2026-09-23 22:40:00+00,Xqsrn2f6Lq1DS0yGHWaS,823327,MASYN_WINN_1_MLB,batting_hits,0.5,under,0.763,0.4259,0.4396,0,0.4651,-2.55,101,2,2,-11.63,1,PASS,false,false,L
1449,2026-09-23 21:25:03.583+00,2026-09-23 22:40:00+00,Xqsrn2f6Lq1DS0yGHWaS,823327,JOSE_FERMIN_1_MLB,batting_hits,0.5,under,0.852,0.3822,0.3944,0,0.417,-2.26,124,1,1,-11.65,0.716,PASS,false,false,L
1450,2026-09-23 21:25:03.583+00,2026-09-23 22:40:00+00,Xqsrn2f6Lq1DS0yGHWaS,823327,MASYN_WINN_1_MLB,batting_totalBases,1.5,over,1.039,0.2676,0.2676,0,,,230,2,0,-11.71,1,PASS,true,false,W
1451,2026-09-23 21:25:03.583+00,2026-09-23 22:40:00+00,Xqsrn2f6Lq1DS0yGHWaS,823327,BRYAN_REYNOLDS_1_MLB,batting_totalBases,1.5,under,1.747,0.543,0.5661,0,0.6089,-4.29,-179,3,3,-11.77,1,PASS,true,false,W
1452,2026-09-23 21:25:03.583+00,2026-09-23 22:40:00+00,Xqsrn2f6Lq1DS0yGHWaS,823327,MASYN_WINN_1_MLB,batting_totalBases,0.5,under,1.039,0.4259,0.4411,0,0.4692,-2.81,100,2,2,-11.79,1,PASS,false,false,L
1453,2026-09-23 21:25:03.583+00,2026-09-23 22:40:00+00,tvl3DFfwzt4msvanUvqD,823410,SAL_FRELICK_1_MLB,batting_totalBases,0.5,under,1.245,0.3744,0.3883,0,0.4141,-2.58,127,2,2,-11.86,0.744,PASS,true,false,W
1454,2026-09-23 21:25:03.583+00,2026-09-23 22:40:00+00,tvl3DFfwzt4msvanUvqD,823410,CHRISTIAN_YELICH_1_MLB,batting_totalBases,0.5,under,1.416,0.365,0.3813,0,0.4117,-3.04,130,2,2,-12.29,0.972,PASS,false,false,L
1455,2026-09-23 21:25:03.583+00,2026-09-23 22:40:00+00,Xqsrn2f6Lq1DS0yGHWaS,823327,JJ_WETHERHOLT_1_MLB,batting_hits,0.5,under,0.916,0.3555,0.3727,0,0.4046,-3.19,135,2,2,-12.42,1,PASS,false,false,L
1456,2026-09-23 21:25:03.583+00,2026-09-23 22:40:00+00,tvl3DFfwzt4msvanUvqD,823410,BRICE_TURANG_1_MLB,batting_totalBases,1.5,under,1.732,0.5592,0.5819,0,0.6241,-4.22,-200,1,1,-12.71,1,PASS,false,false,L
1457,2026-09-23 21:25:03.583+00,2026-09-23 22:40:00+00,Xqsrn2f6Lq1DS0yGHWaS,823327,JJ_WETHERHOLT_1_MLB,batting_totalBases,0.5,under,1.392,0.3555,0.3709,0,0.3996,-2.87,135,2,2,-12.83,1,PASS,false,false,L
1458,2026-09-23 21:25:03.583+00,2026-09-23 22:40:00+00,Xqsrn2f6Lq1DS0yGHWaS,823327,NICK_GONZALES_1_MLB,batting_totalBases,1.5,under,1.637,0.5364,0.5655,0,0.6196,-5.41,-185,3,3,-12.88,1,PASS,true,false,W
1460,2026-09-23 21:25:03.583+00,2026-09-23 22:40:00+00,Xqsrn2f6Lq1DS0yGHWaS,823327,RAFAEL_FLORES_1_MLB,batting_totalBases,1.5,under,1.92,0.5391,0.5652,0,0.6136,-4.84,-185,2,2,-12.93,0.302,PASS,true,false,W
1461,2026-09-23 21:25:03.583+00,2026-09-23 22:40:00+00,tvl3DFfwzt4msvanUvqD,823410,JACKSON_CHOURIO_1_MLB,batting_totalBases,1.5,under,2.069,0.4983,0.5204,0,0.5615,-4.1,-150,3,3,-13.26,1,PASS,true,false,W
1462,2026-09-23 21:25:03.583+00,2026-09-23 22:40:00+00,tvl3DFfwzt4msvanUvqD,823410,CHRISTIAN_YELICH_1_MLB,batting_hits,0.5,under,0.889,0.3647,0.385,0,0.4227,-3.77,125,2,2,-13.37,0.972,PASS,false,false,L
1463,2026-09-23 21:25:03.583+00,2026-09-23 22:40:00+00,tvl3DFfwzt4msvanUvqD,823410,ALEC_BOHM_1_MLB,batting_totalBases,0.5,under,1.423,0.3505,0.3686,0,0.4021,-3.35,135,2,2,-13.39,1,PASS,false,false,L
1465,2026-09-23 21:25:03.583+00,2026-09-23 22:40:00+00,tvl3DFfwzt4msvanUvqD,823410,TREA_TURNER_1_MLB,batting_totalBases,0.5,under,1.488,0.3467,0.3658,0,0.4011,-3.54,136,2,2,-13.68,1,PASS,false,false,L
1466,2026-09-23 21:25:03.583+00,2026-09-23 22:40:00+00,tvl3DFfwzt4msvanUvqD,823410,ALEC_BOHM_1_MLB,batting_hits,0.5,under,0.922,0.3505,0.3691,0,0.4036,-3.45,133,2,2,-14,1,PASS,false,false,L
1467,2026-09-23 21:25:03.583+00,2026-09-23 22:40:00+00,tvl3DFfwzt4msvanUvqD,823410,KYLE_SCHWARBER_1_MLB,batting_hits,0.5,under,0.839,0.3899,0.4197,0,0.475,-5.53,103,2,2,-14.8,1,PASS,true,false,W
1468,2026-09-23 21:25:03.583+00,2026-09-23 22:40:00+00,tvl3DFfwzt4msvanUvqD,823410,KYLE_SCHWARBER_1_MLB,batting_totalBases,0.5,under,1.832,0.3899,0.42,0,0.476,-5.59,102,2,2,-15.15,1,PASS,true,false,W
1469,2026-09-23 21:25:03.583+00,2026-09-23 22:40:00+00,tvl3DFfwzt4msvanUvqD,823410,TREA_TURNER_1_MLB,batting_hits,0.5,under,0.942,0.3467,0.3676,0,0.4064,-3.88,130,2,2,-15.45,1,PASS,false,false,L
1470,2026-09-23 21:25:03.583+00,2026-09-23 22:40:00+00,tvl3DFfwzt4msvanUvqD,823410,BRYSON_STOTT_1_MLB,batting_hits,0.5,under,0.862,0.3783,0.4063,0,0.4584,-5.21,107,2,2,-15.89,1,PASS,false,false,L
1471,2026-09-23 21:25:03.583+00,2026-09-23 22:40:00+00,tvl3DFfwzt4msvanUvqD,823410,BRYCE_HARPER_1_MLB,batting_totalBases,0.5,under,1.689,0.3455,0.3723,0,0.4221,-4.98,125,2,2,-16.23,1,PASS,true,false,W
1472,2026-09-23 21:25:03.583+00,2026-09-23 22:40:00+00,tvl3DFfwzt4msvanUvqD,823410,BRYSON_STOTT_1_MLB,batting_totalBases,0.5,under,1.343,0.3783,0.4067,0,0.4594,-5.27,106,2,2,-16.23,1,PASS,false,false,L
1474,2026-09-23 21:25:03.583+00,2026-09-23 22:40:00+00,Xqsrn2f6Lq1DS0yGHWaS,823327,ALEC_BURLESON_1_MLB,batting_hits,0.5,under,1.066,0.2916,0.3167,0,0.3632,-4.66,164,2,2,-16.4,1,PASS,false,false,L
1475,2026-09-23 21:25:03.583+00,2026-09-23 22:40:00+00,Xqsrn2f6Lq1DS0yGHWaS,823327,NATHAN_CHURCH_1_MLB,batting_hits,0.5,under,0.879,0.3697,0.3953,0,0.4429,-4.75,111,2,2,-16.58,0.91,PASS,true,false,W
1476,2026-09-23 21:25:03.583+00,2026-09-23 22:40:00+00,Xqsrn2f6Lq1DS0yGHWaS,823327,NATHAN_CHURCH_1_MLB,batting_totalBases,0.5,under,1.309,0.3705,0.3965,0,0.4448,-4.83,110,2,2,-16.74,0.91,PASS,true,false,W
1477,2026-09-23 21:25:03.583+00,2026-09-23 22:40:00+00,tvl3DFfwzt4msvanUvqD,823410,WILLIAM_CONTRERAS_1_MLB,batting_hits,0.5,under,1.098,0.2769,0.2974,0,0.3355,-3.81,180,2,2,-16.74,1,PASS,false,false,L
1478,2026-09-23 21:25:03.583+00,2026-09-23 22:40:00+00,tvl3DFfwzt4msvanUvqD,823410,BRYCE_HARPER_1_MLB,batting_hits,0.5,under,0.932,0.3455,0.3724,0,0.4223,-4.99,123,2,2,-16.96,1,PASS,true,false,W
1479,2026-09-23 21:25:03.583+00,2026-09-23 22:40:00+00,Xqsrn2f6Lq1DS0yGHWaS,823327,NOLAN_GORMAN_1_MLB,batting_hits,0.5,under,0.742,0.4395,0.4723,0,0.5331,-6.08,-133,1,1,-17.26,0.584,PASS,false,false,L
1481,2026-09-23 21:25:03.583+00,2026-09-23 22:40:00+00,Xqsrn2f6Lq1DS0yGHWaS,823327,BRYAN_REYNOLDS_1_MLB,batting_hits,0.5,under,1.078,0.2846,0.3128,0,0.3651,-5.23,164,2,2,-17.43,1,PASS,true,false,W
1482,2026-09-23 21:25:03.583+00,2026-09-23 22:40:00+00,Xqsrn2f6Lq1DS0yGHWaS,823327,NOLAN_GORMAN_1_MLB,batting_totalBases,0.5,under,1.212,0.4435,0.4786,0,0.5438,-6.52,-139,1,1,-17.7,0.584,PASS,false,false,L
1483,2026-09-23 21:25:03.583+00,2026-09-23 22:40:00+00,tvl3DFfwzt4msvanUvqD,823410,BRICE_TURANG_1_MLB,batting_hits,0.5,under,1.046,0.2971,0.3329,0,0.3995,-6.66,145,2,2,-18.43,1,PASS,false,false,L
1485,2026-09-23 21:25:03.583+00,2026-09-23 22:40:00+00,Xqsrn2f6Lq1DS0yGHWaS,823327,KONNOR_GRIFFIN_1_MLB,batting_hits,0.5,under,1.204,0.2467,0.2739,0,0.3245,-5.05,195,2,2,-19.2,0.636,PASS,true,false,W
1487,2026-09-23 21:25:03.583+00,2026-09-23 22:40:00+00,tvl3DFfwzt4msvanUvqD,823410,JOEY_ORTIZ_1_MLB,batting_totalBases,0.5,under,1.565,0.3059,0.3354,0,0.3902,-5.49,140,2,2,-19.51,0.806,PASS,false,false,L
1488,2026-09-23 21:25:03.583+00,2026-09-23 22:40:00+00,tvl3DFfwzt4msvanUvqD,823410,JOEY_ORTIZ_1_MLB,batting_hits,0.5,under,1.028,0.3043,0.3337,0,0.3885,-5.47,141,2,2,-19.57,0.806,PASS,false,false,L
1489,2026-09-23 21:25:03.583+00,2026-09-23 22:40:00+00,tvl3DFfwzt4msvanUvqD,823410,BRICE_TURANG_1_MLB,batting_totalBases,0.5,under,1.732,0.2971,0.326,0,0.3797,-5.37,145,1,1,-20.12,1,PASS,false,false,L
1490,2026-09-23 21:25:03.583+00,2026-09-23 22:40:00+00,tvl3DFfwzt4msvanUvqD,823410,DAVID_HAMILTON_1_MLB,batting_hits,0.5,under,0.861,0.3756,0.4184,0,0.498,-7.95,-110,2,2,-20.12,0.746,PASS,true,false,W
1491,2026-09-23 21:25:03.583+00,2026-09-23 22:40:00+00,tvl3DFfwzt4msvanUvqD,823410,DAVID_HAMILTON_1_MLB,batting_totalBases,0.5,under,1.223,0.3778,0.4183,0,0.4934,-7.51,-110,2,2,-20.14,0.746,PASS,true,false,W
1492,2026-09-23 21:25:03.583+00,2026-09-23 22:40:00+00,tvl3DFfwzt4msvanUvqD,823410,JUSTIN_CRAWFORD_1_MLB,batting_hits,0.5,under,0.864,0.3757,0.4153,0,0.4889,-7.35,-109,2,2,-20.37,0.9,PASS,false,false,L
1493,2026-09-23 21:25:03.583+00,2026-09-23 22:40:00+00,Xqsrn2f6Lq1DS0yGHWaS,823327,JORDAN_WALKER_1_MLB,batting_hits,0.5,under,1.034,0.3036,0.3388,0,0.4041,-6.53,135,2,2,-20.39,1,PASS,false,false,L
1496,2026-09-23 21:25:03.583+00,2026-09-23 22:40:00+00,tvl3DFfwzt4msvanUvqD,823410,JUSTIN_CRAWFORD_1_MLB,batting_totalBases,0.5,under,1.186,0.3765,0.4162,0,0.4899,-7.37,-110,2,2,-20.55,0.9,PASS,false,false,L
1497,2026-09-23 21:25:03.583+00,2026-09-23 22:40:00+00,Xqsrn2f6Lq1DS0yGHWaS,823327,JAKE_MANGUM_1_MLB,batting_totalBases,0.5,under,1.411,0.2928,0.3269,0,0.3902,-6.33,143,2,2,-20.56,0.924,PASS,true,false,W
1498,2026-09-23 21:25:03.583+00,2026-09-23 22:40:00+00,Xqsrn2f6Lq1DS0yGHWaS,823327,JARED_TRIOLO_1_MLB,batting_totalBases,0.5,under,1.266,0.3484,0.3864,0,0.4571,-7.07,105,2,2,-20.78,0.71,PASS,false,false,L
1499,2026-09-23 21:25:03.583+00,2026-09-23 22:40:00+00,Xqsrn2f6Lq1DS0yGHWaS,823327,JORDAN_WALKER_1_MLB,batting_totalBases,0.5,under,1.786,0.3036,0.3368,0,0.3984,-6.16,135,2,2,-20.85,1,PASS,false,false,L
1500,2026-09-23 21:25:03.583+00,2026-09-23 22:40:00+00,Xqsrn2f6Lq1DS0yGHWaS,823327,JARED_TRIOLO_1_MLB,batting_hits,0.5,under,0.928,0.3458,0.385,0,0.4578,-7.28,105,2,2,-21.08,0.71,PASS,false,false,L
1501,2026-09-23 21:25:03.583+00,2026-09-23 22:40:00+00,tvl3DFfwzt4msvanUvqD,823410,LUIS_ARRAEZ_1_MLB,batting_hits,0.5,under,1.169,0.2523,0.2867,0,0.3507,-6.4,175,2,2,-21.14,1,PASS,true,false,W
1502,2026-09-23 21:25:03.583+00,2026-09-23 22:40:00+00,tvl3DFfwzt4msvanUvqD,823410,JACKSON_CHOURIO_1_MLB,batting_hits,0.5,under,1.226,0.2369,0.2675,0,0.3243,-5.68,194,2,2,-21.35,1,PASS,false,false,L
1504,2026-09-23 21:25:03.583+00,2026-09-23 22:40:00+00,Xqsrn2f6Lq1DS0yGHWaS,823327,JAKE_MANGUM_1_MLB,batting_hits,0.5,under,1.051,0.2922,0.3333,0,0.4096,-7.63,135,2,2,-21.67,0.924,PASS,true,false,W
1505,2026-09-23 21:25:03.583+00,2026-09-23 22:40:00+00,Xqsrn2f6Lq1DS0yGHWaS,823327,RAFAEL_FLORES_1_MLB,batting_hits,0.5,under,1.13,0.2691,0.313,0,0.3944,-8.14,150,2,2,-21.76,0.302,PASS,true,false,W
1506,2026-09-23 21:25:03.583+00,2026-09-23 22:40:00+00,Xqsrn2f6Lq1DS0yGHWaS,823327,RYAN_OHEARN_1_MLB,batting_hits,0.5,under,1.042,0.2979,0.3436,0,0.4284,-8.48,126,2,2,-22.35,0.866,PASS,false,false,L
1507,2026-09-23 21:25:03.583+00,2026-09-23 22:40:00+00,tvl3DFfwzt4msvanUvqD,823410,JAKE_BAUERS_1_MLB,batting_hits,0.5,under,0.99,0.3178,0.3628,0,0.4463,-8.35,114,2,2,-22.36,1,PASS,true,false,W
1512,2026-09-23 21:25:03.583+00,2026-09-23 22:40:00+00,tvl3DFfwzt4msvanUvqD,823410,JAKE_BAUERS_1_MLB,batting_totalBases,0.5,under,1.82,0.3178,0.3638,0,0.449,-8.53,111,2,2,-23.25,1,PASS,true,false,W
1513,2026-09-23 21:25:03.583+00,2026-09-23 22:40:00+00,tvl3DFfwzt4msvanUvqD,823410,GARRETT_MITCHELL_1_MLB,batting_hits,0.5,under,1.119,0.2718,0.3181,0,0.404,-8.59,140,2,2,-23.66,1,PASS,true,false,W
1517,2026-09-23 21:25:03.583+00,2026-09-23 22:40:00+00,Xqsrn2f6Lq1DS0yGHWaS,823327,RYAN_OHEARN_1_MLB,batting_totalBases,0.5,under,1.728,0.299,0.3464,0,0.4345,-8.81,119,2,2,-24.13,0.866,PASS,false,false,L
1518,2026-09-23 21:25:03.583+00,2026-09-23 22:40:00+00,tvl3DFfwzt4msvanUvqD,823410,GARRETT_MITCHELL_1_MLB,batting_totalBases,0.5,under,1.792,0.2718,0.3155,0,0.3966,-8.11,140,2,2,-24.29,1,PASS,true,false,W
1519,2026-09-23 21:25:03.583+00,2026-09-23 22:40:00+00,tvl3DFfwzt4msvanUvqD,823410,BRANDON_MARSH_1_MLB,batting_hits,0.5,under,0.931,0.3463,0.4047,0,0.5131,-10.84,-115,2,2,-24.34,1,PASS,true,false,W
1525,2026-09-23 21:25:03.583+00,2026-09-23 22:40:00+00,tvl3DFfwzt4msvanUvqD,823410,BRANDON_MARSH_1_MLB,batting_totalBases,0.5,under,1.469,0.3463,0.4024,0,0.5065,-10.41,-115,2,2,-24.77,1,PASS,true,false,W
1527,2026-09-23 21:25:03.583+00,2026-09-23 22:40:00+00,Xqsrn2f6Lq1DS0yGHWaS,823327,BRANDON_LOWE_1_MLB,batting_hits,0.5,under,1.096,0.2777,0.3294,0,0.4255,-9.61,124,2,2,-26.21,1,PASS,false,false,L
1530,2026-09-23 21:25:03.583+00,2026-09-23 22:40:00+00,Xqsrn2f6Lq1DS0yGHWaS,823327,BRANDON_LOWE_1_MLB,batting_totalBases,0.5,under,2.059,0.2777,0.3303,0,0.428,-9.77,121,2,2,-27,1,PASS,false,false,L
1536,2026-09-23 21:25:03.583+00,2026-09-23 22:40:00+00,Xqsrn2f6Lq1DS0yGHWaS,823327,NICK_GONZALES_1_MLB,batting_hits,0.5,under,1.269,0.2173,0.2655,0,0.3552,-8.97,165,2,2,-29.63,1,PASS,false,false,L
1538,2026-09-23 21:25:03.583+00,2026-09-23 22:40:00+00,Xqsrn2f6Lq1DS0yGHWaS,823327,BRANDON_LOWE_1_MLB,batting_totalBases,1.5,under,2.059,0.5186,0.5186,0,,,,0,0,,1,PASS,false,false,L
1541,2026-09-23 21:25:03.583+00,2026-09-23 22:40:00+00,Xqsrn2f6Lq1DS0yGHWaS,823327,IVAN_HERRERA_1_MLB,batting_totalBases,1.5,under,1.401,0.6517,0.6517,0,,,,0,0,,1,PASS,true,false,W
1542,2026-09-23 21:25:03.583+00,2026-09-23 22:40:00+00,Xqsrn2f6Lq1DS0yGHWaS,823327,JAKE_MANGUM_1_MLB,batting_totalBases,1.5,under,1.411,0.6202,0.6202,0,,,,0,0,,0.924,PASS,true,false,W
1543,2026-09-23 21:25:03.583+00,2026-09-23 22:40:00+00,Xqsrn2f6Lq1DS0yGHWaS,823327,JORDAN_WALKER_1_MLB,batting_totalBases,1.5,under,1.786,0.5645,0.5645,0,,,,0,0,,1,PASS,true,false,W
1544,2026-09-23 21:25:03.583+00,2026-09-23 22:40:00+00,Xqsrn2f6Lq1DS0yGHWaS,823327,MASYN_WINN_1_MLB,batting_totalBases,1.5,under,1.039,0.7324,0.7324,0,,,,0,0,,1,PASS,false,false,L
1547,2026-09-23 21:25:03.583+00,2026-09-23 22:40:00+00,Xqsrn2f6Lq1DS0yGHWaS,823327,RYAN_OHEARN_1_MLB,batting_totalBases,1.5,under,1.728,0.5856,0.5856,0,,,,0,0,,0.866,PASS,false,false,L
1550,2026-09-23 21:25:03.583+00,2026-09-23 22:40:00+00,Xqsrn2f6Lq1DS0yGHWaS,823327,LEONARDO_BERNAL_1_MLB,batting_hits,0.5,over,,,,,0.619,,-176,4,2,,0,PASS,true,false,W
1551,2026-09-23 21:25:03.583+00,2026-09-23 22:40:00+00,Xqsrn2f6Lq1DS0yGHWaS,823327,LEONARDO_BERNAL_1_MLB,batting_hits,0.5,under,,,,,0.381,,160,2,2,,0,PASS,false,false,L
1554,2026-09-23 21:25:03.583+00,2026-09-23 22:40:00+00,Xqsrn2f6Lq1DS0yGHWaS,823327,JJ_WETHERHOLT_1_MLB,batting_totalBases,1.5,under,1.392,0.6695,0.6695,0,,,,0,0,,1,PASS,false,false,L
1555,2026-09-23 21:25:03.583+00,2026-09-23 22:40:00+00,Xqsrn2f6Lq1DS0yGHWaS,823327,RONNY_SIMON_1_MLB,batting_hits,0.5,over,,,,,0.6037,,-182,3,1,,0,PASS,false,false,L
1556,2026-09-23 21:25:03.583+00,2026-09-23 22:40:00+00,Xqsrn2f6Lq1DS0yGHWaS,823327,RONNY_SIMON_1_MLB,batting_hits,0.5,under,,,,,0.3963,,136,1,1,,0,PASS,true,false,W
1557,2026-09-23 21:25:03.583+00,2026-09-23 22:40:00+00,Xqsrn2f6Lq1DS0yGHWaS,823327,LEONARDO_BERNAL_1_MLB,batting_totalBases,1.5,over,,,,,0.3797,,163,3,1,,0,PASS,false,false,L
1558,2026-09-23 21:25:03.583+00,2026-09-23 22:40:00+00,Xqsrn2f6Lq1DS0yGHWaS,823327,LEONARDO_BERNAL_1_MLB,batting_totalBases,1.5,under,,,,,0.6203,,-200,1,1,,0,PASS,true,false,W
1559,2026-09-23 21:25:03.583+00,2026-09-23 22:40:00+00,Xqsrn2f6Lq1DS0yGHWaS,823327,NATHAN_CHURCH_1_MLB,batting_totalBases,1.5,under,1.309,0.6725,0.6725,0,,,,0,0,,0.91,PASS,true,false,W
1560,2026-09-23 21:25:03.583+00,2026-09-23 22:40:00+00,Xqsrn2f6Lq1DS0yGHWaS,823327,RONNY_SIMON_1_MLB,batting_totalBases,0.5,over,,,,,0.6155,,-193,1,1,,0,PASS,false,false,L
1561,2026-09-23 21:25:03.583+00,2026-09-23 22:40:00+00,Xqsrn2f6Lq1DS0yGHWaS,823327,RONNY_SIMON_1_MLB,batting_totalBases,0.5,under,,,,,0.3845,,143,1,1,,0,PASS,true,false,W
1562,2026-09-23 21:25:03.583+00,2026-09-23 22:40:00+00,Xqsrn2f6Lq1DS0yGHWaS,823327,RONNY_SIMON_1_MLB,batting_totalBases,1.5,over,,,,,,,175,2,0,,0,PASS,false,false,L
1563,2026-09-23 21:25:03.583+00,2026-09-23 22:40:00+00,Xqsrn2f6Lq1DS0yGHWaS,823327,RONNY_SIMON_1_MLB,batting_totalBases,1.5,under,,,,,,,,0,0,,0,PASS,true,false,W
1566,2026-09-23 21:25:03.583+00,2026-09-23 22:40:00+00,Xqsrn2f6Lq1DS0yGHWaS,823327,JARED_TRIOLO_1_MLB,batting_totalBases,1.5,under,1.266,0.6711,0.6711,0,,,,0,0,,0.71,PASS,true,false,W
1567,2026-09-23 21:25:03.583+00,2026-09-23 22:40:00+00,Xqsrn2f6Lq1DS0yGHWaS,823327,JOSE_FERMIN_1_MLB,batting_totalBases,1.5,under,1.261,0.6752,0.6752,0,,,,0,0,,0.716,PASS,false,false,L
1568,2026-09-23 21:25:03.583+00,2026-09-23 22:40:00+00,Xqsrn2f6Lq1DS0yGHWaS,823327,NOLAN_GORMAN_1_MLB,batting_totalBases,1.5,under,1.212,0.7148,0.7148,0,,,,0,0,,0.584,PASS,true,false,W
1573,2026-09-23 21:25:03.583+00,2026-09-23 22:40:00+00,tvl3DFfwzt4msvanUvqD,823410,ALEC_BOHM_1_MLB,batting_totalBases,1.5,under,1.423,0.6356,0.6356,0,,,,0,0,,1,PASS,true,false,W
1574,2026-09-23 21:25:03.583+00,2026-09-23 22:40:00+00,tvl3DFfwzt4msvanUvqD,823410,BRANDON_MARSH_1_MLB,batting_totalBases,1.5,under,1.469,0.6425,0.6425,0,,,,0,0,,1,PASS,true,false,W
1575,2026-09-23 21:25:03.583+00,2026-09-23 22:40:00+00,tvl3DFfwzt4msvanUvqD,823410,BRYCE_HARPER_1_MLB,batting_totalBases,1.5,under,1.689,0.59,0.59,0,,,,0,0,,1,PASS,true,false,W
1576,2026-09-23 21:25:03.583+00,2026-09-23 22:40:00+00,tvl3DFfwzt4msvanUvqD,823410,BRYSON_STOTT_1_MLB,batting_totalBases,1.5,under,1.343,0.6466,0.6466,0,,,,0,0,,1,PASS,false,false,L
1577,2026-09-23 21:25:03.583+00,2026-09-23 22:40:00+00,tvl3DFfwzt4msvanUvqD,823410,CHRISTIAN_YELICH_1_MLB,batting_totalBases,1.5,under,1.416,0.6355,0.6355,0,,,,0,0,,0.972,PASS,false,false,L
1580,2026-09-23 21:25:03.583+00,2026-09-23 22:40:00+00,tvl3DFfwzt4msvanUvqD,823410,GARRETT_MITCHELL_1_MLB,batting_totalBases,1.5,under,1.792,0.529,0.529,0,,,,0,0,,1,PASS,true,false,W
1581,2026-09-23 21:25:03.583+00,2026-09-23 22:40:00+00,tvl3DFfwzt4msvanUvqD,823410,JAKE_BAUERS_1_MLB,batting_totalBases,1.5,under,1.82,0.5737,0.5737,0,,,,0,0,,1,PASS,true,false,W
1582,2026-09-23 21:25:03.583+00,2026-09-23 22:40:00+00,tvl3DFfwzt4msvanUvqD,823410,JOEY_ORTIZ_1_MLB,batting_totalBases,1.5,under,1.565,0.6055,0.6055,0,,,,0,0,,0.806,PASS,true,false,W
1583,2026-09-23 21:25:03.583+00,2026-09-23 22:40:00+00,tvl3DFfwzt4msvanUvqD,823410,JT_REALMUTO_1_MLB,batting_totalBases,1.5,under,1.133,0.719,0.719,0,,,,0,0,,0.9,PASS,true,false,W
1584,2026-09-23 21:25:03.583+00,2026-09-23 22:40:00+00,tvl3DFfwzt4msvanUvqD,823410,JUSTIN_CRAWFORD_1_MLB,batting_totalBases,1.5,under,1.186,0.6877,0.6877,0,,,,0,0,,0.9,PASS,true,false,W
1585,2026-09-23 21:25:03.583+00,2026-09-23 22:40:00+00,tvl3DFfwzt4msvanUvqD,823410,KYLE_SCHWARBER_1_MLB,batting_totalBases,1.5,under,1.832,0.6017,0.6017,0,,,,0,0,,1,PASS,true,false,W
1588,2026-09-23 21:25:03.583+00,2026-09-23 22:40:00+00,tvl3DFfwzt4msvanUvqD,823410,TREA_TURNER_1_MLB,batting_totalBases,1.5,under,1.488,0.6292,0.6292,0,,,,0,0,,1,PASS,true,false,W
1589,2026-09-23 21:25:03.583+00,2026-09-23 22:40:00+00,tvl3DFfwzt4msvanUvqD,823410,SAL_FRELICK_1_MLB,batting_totalBases,1.5,under,1.245,0.673,0.673,0,,,,0,0,,0.744,PASS,true,false,W
1590,2026-09-23 21:25:03.583+00,2026-09-23 22:40:00+00,tvl3DFfwzt4msvanUvqD,823410,DAVID_HAMILTON_1_MLB,batting_totalBases,1.5,under,1.223,0.6916,0.6916,0,,,,0,0,,0.746,PASS,true,false,W
1212,2026-09-23 21:25:03.583+00,2026-09-23 23:05:00+00,SBKaJWYqFnMNfRQi5Aso,823492,LUIS_GARCIA_3_MLB,batting_totalBases,1.5,over,2.438,0.5557,0.4966,0,0.3868,10.98,143,3,2,20.68,1,PLAY,false,false,L
1214,2026-09-23 21:25:03.583+00,2026-09-23 23:05:00+00,SBKaJWYqFnMNfRQi5Aso,823492,JOSE_CABALLERO_1_MLB,batting_hits,0.5,over,0.963,0.6685,0.6153,0,0.5165,9.88,-115,4,2,15.04,0.89,PLAY,false,false,L
1216,2026-09-23 21:25:03.583+00,2026-09-23 23:05:00+00,SBKaJWYqFnMNfRQi5Aso,823492,JOSE_CABALLERO_1_MLB,batting_totalBases,0.5,over,1.52,0.6675,0.6126,0,0.5105,10.21,-115,2,2,14.52,0.89,PLAY,false,false,L
1217,2026-09-23 21:25:03.583+00,2026-09-23 23:05:00+00,SBKaJWYqFnMNfRQi5Aso,823492,RICHARD_PALACIOS_1_MLB,batting_hits,0.5,over,0.868,0.6252,0.5909,0,0.5274,6.35,-115,4,2,10.48,0.768,PLAY,true,false,W
1218,2026-09-23 21:25:03.583+00,2026-09-23 23:05:00+00,SBKaJWYqFnMNfRQi5Aso,823492,LIAM_HICKS_1_MLB,batting_hits,0.5,over,1.098,0.7235,0.671,0,0.5736,9.74,-155,4,2,10.4,1,PLAY,false,false,L
1220,2026-09-23 21:25:03.583+00,2026-09-23 23:05:00+00,SBKaJWYqFnMNfRQi5Aso,823492,LIAM_HICKS_1_MLB,batting_totalBases,0.5,over,1.681,0.7235,0.6684,0,0.5662,10.22,-154,2,2,10.25,1,PLAY,false,false,L
1227,2026-09-23 21:25:03.583+00,2026-09-23 23:05:00+00,SBKaJWYqFnMNfRQi5Aso,823492,LUIS_GARCIA_3_MLB,batting_hits,0.5,over,1.287,0.7807,0.7272,0,0.628,9.92,-203,3,1,8.55,1,PLAY,true,false,W
1229,2026-09-23 21:25:03.583+00,2026-09-23 23:05:00+00,SBKaJWYqFnMNfRQi5Aso,823492,BENJAMIN_RICE_1_MLB,batting_hits,0.5,over,1.139,0.7366,0.6877,0,0.5969,9.08,-175,4,2,8.07,1,PLAY,true,false,W
1231,2026-09-23 21:25:03.583+00,2026-09-23 23:05:00+00,SBKaJWYqFnMNfRQi5Aso,823492,HELIOT_RAMOS_1_MLB,batting_hits,0.5,over,1.056,0.7045,0.6608,0,0.5796,8.12,-160,4,2,7.38,0.85,PLAY,true,false,W
1235,2026-09-23 21:25:03.583+00,2026-09-23 23:05:00+00,SBKaJWYqFnMNfRQi5Aso,823492,JONATHAN_ARANDA_1_MLB,batting_totalBases,0.5,over,1.765,0.7281,0.6832,0,0.5998,8.34,-176,2,2,7.14,1,PLAY,false,false,L
1236,2026-09-23 21:25:03.583+00,2026-09-23 23:05:00+00,SBKaJWYqFnMNfRQi5Aso,823492,RICHARD_PALACIOS_1_MLB,batting_totalBases,0.5,over,1.39,0.6231,0.5863,0,0.5178,6.84,-121,2,2,7.08,0.768,PLAY,true,false,W
1237,2026-09-23 21:25:03.583+00,2026-09-23 23:05:00+00,SBKaJWYqFnMNfRQi5Aso,823492,HELIOT_RAMOS_1_MLB,batting_totalBases,0.5,over,1.773,0.7032,0.6588,0,0.5763,8.25,-160,2,2,7.05,0.85,PLAY,true,false,W
1239,2026-09-23 21:25:03.583+00,2026-09-23 23:05:00+00,SBKaJWYqFnMNfRQi5Aso,823492,JASRADO_CHISHOLM_1_MLB,batting_hits,0.5,over,0.95,0.6628,0.6208,0,0.5426,7.81,-139,3,1,6.73,1,PLAY,true,false,W
1320,2026-09-23 21:25:03.583+00,2026-09-23 23:05:00+00,SBKaJWYqFnMNfRQi5Aso,823492,RYAN_VILADE_1_MLB,batting_totalBases,1.5,over,1.528,0.3666,0.3666,0,,,324,2,0,55.45,0.524,PASS,false,false,L
1321,2026-09-23 21:25:03.583+00,2026-09-23 23:05:00+00,SBKaJWYqFnMNfRQi5Aso,823492,JORGE_MATEO_1_MLB,batting_totalBases,1.5,over,1.315,0.3245,0.3245,0,,,347,2,0,45.05,0.418,PASS,false,false,L
1322,2026-09-23 21:25:03.583+00,2026-09-23 23:05:00+00,SBKaJWYqFnMNfRQi5Aso,823492,JONNY_DELUCA_1_MLB,batting_totalBases,1.5,over,1.662,0.4319,0.4319,0,,,216,2,0,36.49,0.696,PASS,true,false,W
1324,2026-09-23 21:25:03.583+00,2026-09-23 23:05:00+00,SBKaJWYqFnMNfRQi5Aso,823492,SPENCER_JONES_1_MLB,batting_totalBases,1.5,over,1.749,0.4289,0.4289,0,,,196,2,0,26.95,0.552,PASS,true,false,W
1326,2026-09-23 21:25:03.583+00,2026-09-23 23:05:00+00,SBKaJWYqFnMNfRQi5Aso,823492,BENJAMIN_RICE_1_MLB,batting_totalBases,1.5,over,2.301,0.5103,0.5103,0,,,146,2,0,25.52,1,PASS,true,false,W
1327,2026-09-23 21:25:03.583+00,2026-09-23 23:05:00+00,SBKaJWYqFnMNfRQi5Aso,823492,RYAN_MCMAHON_1_MLB,batting_totalBases,1.5,over,1.408,0.3472,0.3472,0,,,261,2,0,25.33,0.704,PASS,true,false,W
1328,2026-09-23 21:25:03.583+00,2026-09-23 23:05:00+00,SBKaJWYqFnMNfRQi5Aso,823492,JOSE_CABALLERO_1_MLB,batting_totalBases,1.5,over,1.52,0.3674,0.3674,0,,,240,2,0,24.92,0.89,PASS,false,false,L
1330,2026-09-23 21:25:03.583+00,2026-09-23 23:05:00+00,SBKaJWYqFnMNfRQi5Aso,823492,HELIOT_RAMOS_1_MLB,batting_totalBases,1.5,over,1.773,0.4428,0.4428,0,,,181,2,0,24.42,0.85,PASS,true,false,W
1331,2026-09-23 21:25:03.583+00,2026-09-23 23:05:00+00,SBKaJWYqFnMNfRQi5Aso,823492,LIAM_HICKS_1_MLB,batting_totalBases,1.5,over,1.681,0.4087,0.4087,0,,,200,2,0,22.6,1,PASS,false,false,L
1332,2026-09-23 21:25:03.583+00,2026-09-23 23:05:00+00,SBKaJWYqFnMNfRQi5Aso,823492,RICHARD_PALACIOS_1_MLB,batting_totalBases,1.5,over,1.39,0.3417,0.3417,0,,,250,2,0,19.6,0.768,PASS,false,false,L
1333,2026-09-23 21:25:03.583+00,2026-09-23 23:05:00+00,SBKaJWYqFnMNfRQi5Aso,823492,JORGE_MATEO_1_MLB,batting_hits,0.5,over,0.84,0.6116,0.558,0,0.4584,9.95,114,4,2,19.41,0.418,PASS,true,false,W
1334,2026-09-23 21:25:03.583+00,2026-09-23 23:05:00+00,SBKaJWYqFnMNfRQi5Aso,823492,RYAN_VILADE_1_MLB,batting_hits,0.5,over,0.909,0.6449,0.5795,0,0.4581,12.14,104,3,1,18.23,0.524,PASS,false,false,L
1336,2026-09-23 21:25:03.583+00,2026-09-23 23:05:00+00,SBKaJWYqFnMNfRQi5Aso,823492,JASRADO_CHISHOLM_1_MLB,batting_totalBases,1.5,over,1.646,0.3893,0.3893,0,,,201,2,0,17.17,1,PASS,false,false,L
1338,2026-09-23 21:25:03.583+00,2026-09-23 23:05:00+00,SBKaJWYqFnMNfRQi5Aso,823492,JONATHAN_ARANDA_1_MLB,batting_totalBases,1.5,over,1.765,0.4379,0.4379,0,,,167,2,0,16.91,1,PASS,false,false,L
1345,2026-09-23 21:25:03.583+00,2026-09-23 23:05:00+00,SBKaJWYqFnMNfRQi5Aso,823492,JORGE_MATEO_1_MLB,batting_totalBases,0.5,over,1.315,0.6063,0.5585,0,0.4699,8.86,103,2,2,13.38,0.418,PASS,true,false,W
1346,2026-09-23 21:25:03.583+00,2026-09-23 23:05:00+00,SBKaJWYqFnMNfRQi5Aso,823492,SPENCER_JONES_1_MLB,batting_totalBases,0.5,over,1.749,0.6959,0.6381,0,0.5308,10.73,-130,2,2,12.9,0.552,PASS,true,false,W
1347,2026-09-23 21:25:03.583+00,2026-09-23 23:05:00+00,SBKaJWYqFnMNfRQi5Aso,823492,RYAN_MCMAHON_1_MLB,batting_hits,0.5,over,0.866,0.6243,0.5724,0,0.4759,9.64,-104,3,1,12.27,0.704,PASS,true,false,W
1348,2026-09-23 21:25:03.583+00,2026-09-23 23:05:00+00,SBKaJWYqFnMNfRQi5Aso,823492,SPENCER_JONES_1_MLB,batting_hits,0.5,over,1.039,0.6998,0.6431,0,0.5379,10.52,-135,4,2,11.95,0.552,PASS,true,false,W
1349,2026-09-23 21:25:03.583+00,2026-09-23 23:05:00+00,SBKaJWYqFnMNfRQi5Aso,823492,RYAN_MCMAHON_1_MLB,batting_totalBases,0.5,over,1.408,0.6214,0.5702,0,0.4751,9.51,-104,1,1,11.85,0.704,PASS,true,false,W
1359,2026-09-23 21:25:03.583+00,2026-09-23 23:05:00+00,SBKaJWYqFnMNfRQi5Aso,823492,BENJAMIN_RICE_1_MLB,batting_totalBases,0.5,over,2.301,0.7366,0.6867,0,0.5941,9.26,-175,1,1,7.91,1,PASS,true,false,W
1361,2026-09-23 21:25:03.583+00,2026-09-23 23:05:00+00,SBKaJWYqFnMNfRQi5Aso,823492,JONNY_DELUCA_1_MLB,batting_hits,0.5,over,1.049,0.7003,0.6557,0,0.5729,8.28,-155,3,1,7.87,0.696,PASS,true,false,W
1362,2026-09-23 21:25:03.583+00,2026-09-23 23:05:00+00,SBKaJWYqFnMNfRQi5Aso,823492,JASRADO_CHISHOLM_1_MLB,batting_totalBases,0.5,over,1.646,0.6628,0.6202,0,0.5411,7.91,-137,1,1,7.3,1,PASS,true,false,W
1363,2026-09-23 21:25:03.583+00,2026-09-23 23:05:00+00,SBKaJWYqFnMNfRQi5Aso,823492,JONNY_DELUCA_1_MLB,batting_totalBases,0.5,over,1.662,0.6978,0.6531,0,0.57,8.31,-157,1,1,6.9,0.696,PASS,true,false,W
1369,2026-09-23 21:25:03.583+00,2026-09-23 23:05:00+00,SBKaJWYqFnMNfRQi5Aso,823492,JONATHAN_ARANDA_1_MLB,batting_hits,0.5,over,1.113,0.7281,0.6857,0,0.607,7.87,-185,4,2,5.64,1,PASS,false,false,L
1374,2026-09-23 21:25:03.583+00,2026-09-23 23:05:00+00,SBKaJWYqFnMNfRQi5Aso,823492,CEDRIC_MULLINS_1_MLB,batting_totalBases,0.5,over,1.2,0.5486,0.5189,0,0.4637,5.51,102,2,2,4.81,0.976,PASS,true,false,W
1375,2026-09-23 21:25:03.583+00,2026-09-23 23:05:00+00,SBKaJWYqFnMNfRQi5Aso,823492,VICTOR_MESA_1_MLB,batting_hits,0.5,over,1.049,0.6985,0.6669,0,0.6082,5.87,-175,4,2,4.8,0.488,PASS,false,false,L
1376,2026-09-23 21:25:03.583+00,2026-09-23 23:05:00+00,SBKaJWYqFnMNfRQi5Aso,823492,CEDRIC_MULLINS_1_MLB,batting_hits,0.5,over,0.718,0.5488,0.5228,0,0.4746,4.83,100,4,2,4.56,0.976,PASS,true,false,W
1382,2026-09-23 21:25:03.583+00,2026-09-23 23:05:00+00,SBKaJWYqFnMNfRQi5Aso,823492,VICTOR_MESA_1_MLB,batting_totalBases,0.5,over,1.863,0.6942,0.6592,0,0.5941,6.51,-175,1,1,3.58,0.488,PASS,false,false,L
1387,2026-09-23 21:25:03.583+00,2026-09-23 23:05:00+00,SBKaJWYqFnMNfRQi5Aso,823492,JUNIOR_CAMINERO_1_MLB,batting_totalBases,1.5,over,2.084,0.4713,0.454,0,0.4219,3.21,126,4,3,2.6,1,PASS,false,false,L
1397,2026-09-23 21:25:03.583+00,2026-09-23 23:05:00+00,SBKaJWYqFnMNfRQi5Aso,823492,JUNIOR_CAMINERO_1_MLB,batting_hits,0.5,over,1.092,0.7205,0.6997,0,0.661,3.87,-220,4,2,1.77,1,PASS,false,false,L
1398,2026-09-23 21:25:03.583+00,2026-09-23 23:05:00+00,SBKaJWYqFnMNfRQi5Aso,823492,VICTOR_MESA_1_MLB,batting_totalBases,1.5,over,1.863,0.4342,0.4193,0,0.3916,2.77,142,3,2,1.46,0.488,PASS,false,false,L
1420,2026-09-23 21:25:03.583+00,2026-09-23 23:05:00+00,SBKaJWYqFnMNfRQi5Aso,823492,GERRIT_COLE_1_MLB,pitching_strikeouts,5.5,under,5.281,0.5668,0.556,0,0.5359,2.01,-130,3,3,-1.63,1,PASS,false,false,L
1432,2026-09-23 21:25:03.583+00,2026-09-23 23:05:00+00,SBKaJWYqFnMNfRQi5Aso,823492,CEDRIC_MULLINS_1_MLB,batting_totalBases,1.5,over,1.2,0.2745,0.2745,0,,,240,2,0,-6.68,0.976,PASS,true,false,W
1433,2026-09-23 21:25:03.583+00,2026-09-23 23:05:00+00,SBKaJWYqFnMNfRQi5Aso,823492,GERRIT_COLE_1_MLB,pitching_strikeouts,5.5,over,5.281,0.4332,0.444,0,0.4641,-2.01,109,4,3,-7.21,1,PASS,true,false,W
1437,2026-09-23 21:25:03.583+00,2026-09-23 23:05:00+00,SBKaJWYqFnMNfRQi5Aso,823492,JUNIOR_CAMINERO_1_MLB,batting_totalBases,1.5,under,2.084,0.5287,0.546,0,0.5781,-3.21,-152,3,3,-9.48,1,PASS,true,false,W
1440,2026-09-23 21:25:03.583+00,2026-09-23 23:05:00+00,SBKaJWYqFnMNfRQi5Aso,823492,VICTOR_MESA_1_MLB,batting_totalBases,1.5,under,1.863,0.5658,0.5807,0,0.6084,-2.77,-182,2,2,-10.02,0.488,PASS,true,false,W
1459,2026-09-23 21:25:03.583+00,2026-09-23 23:05:00+00,SBKaJWYqFnMNfRQi5Aso,823492,JUNIOR_CAMINERO_1_MLB,batting_hits,0.5,under,1.092,0.2795,0.3003,0,0.339,-3.87,190,2,2,-12.91,1,PASS,true,false,W
1464,2026-09-23 21:25:03.583+00,2026-09-23 23:05:00+00,SBKaJWYqFnMNfRQi5Aso,823492,CEDRIC_MULLINS_1_MLB,batting_hits,0.5,under,0.718,0.4512,0.4772,0,0.5254,-4.83,-123,2,2,-13.49,0.976,PASS,false,false,L
1473,2026-09-23 21:25:03.583+00,2026-09-23 23:05:00+00,SBKaJWYqFnMNfRQi5Aso,823492,CEDRIC_MULLINS_1_MLB,batting_totalBases,0.5,under,1.2,0.4514,0.4811,0,0.5363,-5.51,-135,2,2,-16.25,0.976,PASS,false,false,L
1480,2026-09-23 21:25:03.583+00,2026-09-23 23:05:00+00,SBKaJWYqFnMNfRQi5Aso,823492,VICTOR_MESA_1_MLB,batting_hits,0.5,under,1.049,0.3015,0.3331,0,0.3918,-5.87,148,2,2,-17.39,0.488,PASS,true,false,W
1484,2026-09-23 21:25:03.583+00,2026-09-23 23:05:00+00,SBKaJWYqFnMNfRQi5Aso,823492,RICHARD_PALACIOS_1_MLB,batting_hits,0.5,under,0.868,0.3748,0.4091,0,0.4726,-6.35,-101,2,2,-18.59,0.768,PASS,false,false,L
1486,2026-09-23 21:25:03.583+00,2026-09-23 23:05:00+00,SBKaJWYqFnMNfRQi5Aso,823492,RICHARD_PALACIOS_1_MLB,batting_totalBases,0.5,under,1.39,0.3769,0.4137,0,0.4822,-6.84,-105,2,2,-19.22,0.768,PASS,false,false,L
1494,2026-09-23 21:25:03.583+00,2026-09-23 23:05:00+00,SBKaJWYqFnMNfRQi5Aso,823492,JORGE_MATEO_1_MLB,batting_hits,0.5,under,0.84,0.3884,0.442,0,0.5416,-9.95,-125,2,2,-20.44,0.418,PASS,false,false,L
1495,2026-09-23 21:25:03.583+00,2026-09-23 23:05:00+00,SBKaJWYqFnMNfRQi5Aso,823492,JORGE_MATEO_1_MLB,batting_totalBases,0.5,under,1.315,0.3937,0.4415,0,0.5301,-8.86,-125,2,2,-20.54,0.418,PASS,false,false,L
1503,2026-09-23 21:25:03.583+00,2026-09-23 23:05:00+00,SBKaJWYqFnMNfRQi5Aso,823492,VICTOR_MESA_1_MLB,batting_totalBases,0.5,under,1.863,0.3058,0.3408,0,0.4059,-6.51,130,1,1,-21.61,0.488,PASS,true,false,W
1508,2026-09-23 21:25:03.583+00,2026-09-23 23:05:00+00,SBKaJWYqFnMNfRQi5Aso,823492,JASRADO_CHISHOLM_1_MLB,batting_totalBases,0.5,under,1.646,0.3372,0.3798,0,0.4589,-7.91,104,1,1,-22.53,1,PASS,false,false,L
1509,2026-09-23 21:25:03.583+00,2026-09-23 23:05:00+00,SBKaJWYqFnMNfRQi5Aso,823492,JASRADO_CHISHOLM_1_MLB,batting_hits,0.5,under,0.95,0.3372,0.3792,0,0.4574,-7.81,104,1,1,-22.63,1,PASS,false,false,L
1510,2026-09-23 21:25:03.583+00,2026-09-23 23:05:00+00,SBKaJWYqFnMNfRQi5Aso,823492,JOSE_CABALLERO_1_MLB,batting_hits,0.5,under,0.963,0.3315,0.3847,0,0.4835,-9.88,100,2,2,-23.06,0.89,PASS,true,false,W
1511,2026-09-23 21:25:03.583+00,2026-09-23 23:05:00+00,SBKaJWYqFnMNfRQi5Aso,823492,LUIS_GARCIA_3_MLB,batting_totalBases,1.5,under,2.438,0.4443,0.5034,0,0.6132,-10.98,-190,2,2,-23.17,1,PASS,true,false,W
1514,2026-09-23 21:25:03.583+00,2026-09-23 23:05:00+00,SBKaJWYqFnMNfRQi5Aso,823492,HELIOT_RAMOS_1_MLB,batting_hits,0.5,under,1.056,0.2955,0.3392,0,0.4204,-8.12,125,2,2,-23.67,0.85,PASS,false,false,L
1515,2026-09-23 21:25:03.583+00,2026-09-23 23:05:00+00,SBKaJWYqFnMNfRQi5Aso,823492,RYAN_MCMAHON_1_MLB,batting_totalBases,0.5,under,1.408,0.3786,0.4298,0,0.5249,-9.51,-129,1,1,-23.7,0.704,PASS,false,false,L
1516,2026-09-23 21:25:03.583+00,2026-09-23 23:05:00+00,SBKaJWYqFnMNfRQi5Aso,823492,RYAN_MCMAHON_1_MLB,batting_hits,0.5,under,0.866,0.3757,0.4276,0,0.5241,-9.64,-128,1,1,-23.83,0.704,PASS,false,false,L
1520,2026-09-23 21:25:03.583+00,2026-09-23 23:05:00+00,SBKaJWYqFnMNfRQi5Aso,823492,JONATHAN_ARANDA_1_MLB,batting_hits,0.5,under,1.113,0.2719,0.3143,0,0.393,-7.87,140,2,2,-24.57,1,PASS,true,false,W
1521,2026-09-23 21:25:03.583+00,2026-09-23 23:05:00+00,SBKaJWYqFnMNfRQi5Aso,823492,HELIOT_RAMOS_1_MLB,batting_totalBases,0.5,under,1.773,0.2968,0.3412,0,0.4237,-8.25,121,2,2,-24.59,0.85,PASS,false,false,L
1522,2026-09-23 21:25:03.583+00,2026-09-23 23:05:00+00,SBKaJWYqFnMNfRQi5Aso,823492,JONNY_DELUCA_1_MLB,batting_hits,0.5,under,1.049,0.2997,0.3443,0,0.4271,-8.28,119,1,1,-24.6,0.696,PASS,false,false,L
1523,2026-09-23 21:25:03.583+00,2026-09-23 23:05:00+00,SBKaJWYqFnMNfRQi5Aso,823492,JOSE_CABALLERO_1_MLB,batting_totalBases,0.5,under,1.52,0.3325,0.3874,0,0.4895,-10.21,-106,2,2,-24.7,0.89,PASS,true,false,W
1524,2026-09-23 21:25:03.583+00,2026-09-23 23:05:00+00,SBKaJWYqFnMNfRQi5Aso,823492,JONNY_DELUCA_1_MLB,batting_totalBases,0.5,under,1.662,0.3022,0.3469,0,0.43,-8.31,117,1,1,-24.72,0.696,PASS,false,false,L
1526,2026-09-23 21:25:03.583+00,2026-09-23 23:05:00+00,SBKaJWYqFnMNfRQi5Aso,823492,JONATHAN_ARANDA_1_MLB,batting_totalBases,0.5,under,1.765,0.2719,0.3168,0,0.4002,-8.34,135,2,2,-25.55,1,PASS,true,false,W
1528,2026-09-23 21:25:03.583+00,2026-09-23 23:05:00+00,SBKaJWYqFnMNfRQi5Aso,823492,LIAM_HICKS_1_MLB,batting_hits,0.5,under,1.098,0.2765,0.329,0,0.4264,-9.74,123,2,2,-26.64,1,PASS,true,false,W
1529,2026-09-23 21:25:03.583+00,2026-09-23 23:05:00+00,SBKaJWYqFnMNfRQi5Aso,823492,BENJAMIN_RICE_1_MLB,batting_hits,0.5,under,1.139,0.2634,0.3123,0,0.4031,-9.08,134,2,2,-26.92,1,PASS,false,false,L
1531,2026-09-23 21:25:03.583+00,2026-09-23 23:05:00+00,SBKaJWYqFnMNfRQi5Aso,823492,SPENCER_JONES_1_MLB,batting_hits,0.5,under,1.039,0.3002,0.3569,0,0.4621,-10.52,104,2,2,-27.2,0.552,PASS,false,false,L
1532,2026-09-23 21:25:03.583+00,2026-09-23 23:05:00+00,SBKaJWYqFnMNfRQi5Aso,823492,RYAN_VILADE_1_MLB,batting_hits,0.5,under,0.909,0.3551,0.4205,0,0.5419,-12.14,-138,1,1,-27.49,0.524,PASS,true,false,W
1533,2026-09-23 21:25:03.583+00,2026-09-23 23:05:00+00,SBKaJWYqFnMNfRQi5Aso,823492,SPENCER_JONES_1_MLB,batting_totalBases,0.5,under,1.749,0.3041,0.3619,0,0.4692,-10.73,100,2,2,-27.62,0.552,PASS,false,false,L
1534,2026-09-23 21:25:03.583+00,2026-09-23 23:05:00+00,SBKaJWYqFnMNfRQi5Aso,823492,BENJAMIN_RICE_1_MLB,batting_totalBases,0.5,under,2.301,0.2634,0.3133,0,0.4059,-9.26,130,1,1,-27.95,1,PASS,false,false,L
1535,2026-09-23 21:25:03.583+00,2026-09-23 23:05:00+00,SBKaJWYqFnMNfRQi5Aso,823492,LIAM_HICKS_1_MLB,batting_totalBases,0.5,under,1.681,0.2765,0.3316,0,0.4338,-10.22,115,2,2,-28.71,1,PASS,true,false,W
1537,2026-09-23 21:25:03.583+00,2026-09-23 23:05:00+00,SBKaJWYqFnMNfRQi5Aso,823492,LUIS_GARCIA_3_MLB,batting_hits,0.5,under,1.287,0.2193,0.2728,0,0.372,-9.92,152,1,1,-31.27,1,PASS,false,false,L
1605,2026-09-23 21:25:03.583+00,2026-09-23 23:05:00+00,SBKaJWYqFnMNfRQi5Aso,823492,BENJAMIN_RICE_1_MLB,batting_totalBases,1.5,under,2.301,0.4897,0.4897,0,,,,0,0,,1,PASS,false,false,L
1606,2026-09-23 21:25:03.583+00,2026-09-23 23:05:00+00,SBKaJWYqFnMNfRQi5Aso,823492,CEDRIC_MULLINS_1_MLB,batting_totalBases,1.5,under,1.2,0.7255,0.7255,0,,,,0,0,,0.976,PASS,false,false,L
1613,2026-09-23 21:25:03.583+00,2026-09-23 23:05:00+00,SBKaJWYqFnMNfRQi5Aso,823492,HELIOT_RAMOS_1_MLB,batting_totalBases,1.5,under,1.773,0.5572,0.5572,0,,,,0,0,,0.85,PASS,false,false,L
1614,2026-09-23 21:25:03.583+00,2026-09-23 23:05:00+00,SBKaJWYqFnMNfRQi5Aso,823492,JONATHAN_ARANDA_1_MLB,batting_totalBases,1.5,under,1.765,0.5621,0.5621,0,,,,0,0,,1,PASS,true,false,W
1615,2026-09-23 21:25:03.583+00,2026-09-23 23:05:00+00,SBKaJWYqFnMNfRQi5Aso,823492,LIAM_HICKS_1_MLB,batting_totalBases,1.5,under,1.681,0.5913,0.5913,0,,,,0,0,,1,PASS,true,false,W
1618,2026-09-23 21:25:03.583+00,2026-09-23 23:05:00+00,SBKaJWYqFnMNfRQi5Aso,823492,RICHARD_PALACIOS_1_MLB,batting_totalBases,1.5,under,1.39,0.6583,0.6583,0,,,,0,0,,0.768,PASS,true,false,W
1619,2026-09-23 21:25:03.583+00,2026-09-23 23:05:00+00,SBKaJWYqFnMNfRQi5Aso,823492,SPENCER_JONES_1_MLB,batting_totalBases,1.5,under,1.749,0.5711,0.5711,0,,,,0,0,,0.552,PASS,false,false,L
1630,2026-09-23 21:25:03.583+00,2026-09-23 23:05:00+00,SBKaJWYqFnMNfRQi5Aso,823492,JASRADO_CHISHOLM_1_MLB,batting_totalBases,1.5,under,1.646,0.6107,0.6107,0,,,,0,0,,1,PASS,true,false,W
1631,2026-09-23 21:25:03.583+00,2026-09-23 23:05:00+00,SBKaJWYqFnMNfRQi5Aso,823492,JORGE_MATEO_1_MLB,batting_totalBases,1.5,under,1.315,0.6755,0.6755,0,,,,0,0,,0.418,PASS,true,false,W
1632,2026-09-23 21:25:03.583+00,2026-09-23 23:05:00+00,SBKaJWYqFnMNfRQi5Aso,823492,MASON_ENGLERT_1_MLB,pitching_strikeouts,4.5,over,,,,,0.5353,,-134,2,2,,0,PASS,true,false,W
1633,2026-09-23 21:25:03.583+00,2026-09-23 23:05:00+00,SBKaJWYqFnMNfRQi5Aso,823492,MASON_ENGLERT_1_MLB,pitching_strikeouts,4.5,under,,,,,0.4647,,105,2,2,,0,PASS,false,false,L
1634,2026-09-23 21:25:03.583+00,2026-09-23 23:05:00+00,SBKaJWYqFnMNfRQi5Aso,823492,JOSE_CABALLERO_1_MLB,batting_totalBases,1.5,under,1.52,0.6326,0.6326,0,,,,0,0,,0.89,PASS,true,false,W
1635,2026-09-23 21:25:03.583+00,2026-09-23 23:05:00+00,SBKaJWYqFnMNfRQi5Aso,823492,ALI_SANCHEZ_1_MLB,batting_hits,0.5,over,,,,,0.4581,,104,3,1,,0,PASS,true,false,W
1636,2026-09-23 21:25:03.583+00,2026-09-23 23:05:00+00,SBKaJWYqFnMNfRQi5Aso,823492,ALI_SANCHEZ_1_MLB,batting_hits,0.5,under,,,,,0.5419,,-138,1,1,,0,PASS,false,false,L
1637,2026-09-23 21:25:03.583+00,2026-09-23 23:05:00+00,SBKaJWYqFnMNfRQi5Aso,823492,ALI_SANCHEZ_1_MLB,batting_totalBases,0.5,over,,,,,0.4601,,103,1,1,,0,PASS,true,false,W
1638,2026-09-23 21:25:03.583+00,2026-09-23 23:05:00+00,SBKaJWYqFnMNfRQi5Aso,823492,ALI_SANCHEZ_1_MLB,batting_totalBases,0.5,under,,,,,0.5399,,-137,1,1,,0,PASS,false,false,L
1639,2026-09-23 21:25:03.583+00,2026-09-23 23:05:00+00,SBKaJWYqFnMNfRQi5Aso,823492,ALI_SANCHEZ_1_MLB,batting_totalBases,1.5,over,,,,,,,330,2,0,,0,PASS,false,false,L
1640,2026-09-23 21:25:03.583+00,2026-09-23 23:05:00+00,SBKaJWYqFnMNfRQi5Aso,823492,ALI_SANCHEZ_1_MLB,batting_totalBases,1.5,under,,,,,,,,0,0,,0,PASS,true,false,W
1641,2026-09-23 21:25:03.583+00,2026-09-23 23:05:00+00,SBKaJWYqFnMNfRQi5Aso,823492,RYAN_MCMAHON_1_MLB,batting_totalBases,1.5,under,1.408,0.6528,0.6528,0,,,,0,0,,0.704,PASS,false,false,L
1642,2026-09-23 21:25:03.583+00,2026-09-23 23:05:00+00,SBKaJWYqFnMNfRQi5Aso,823492,JONNY_DELUCA_1_MLB,batting_totalBases,1.5,under,1.662,0.5681,0.5681,0,,,,0,0,,0.696,PASS,false,false,L
1643,2026-09-23 21:25:03.583+00,2026-09-23 23:05:00+00,SBKaJWYqFnMNfRQi5Aso,823492,RYAN_VILADE_1_MLB,batting_totalBases,1.5,under,1.528,0.6334,0.6334,0,,,,0,0,,0.524,PASS,true,false,W
